,pfun,shm,ncons,fps_in,fps_out,frame_sz
0,do_nothing,MRB,1,4144.98955787037,4155.500048630069,262144
1,do_nothing,ArrayQueue,1,559.4279748149801,565.5736906805917,262144
2,do_nothing,Queue,1,110793.6807723176,108.06064821657334,262144
3,do_nothing,Ring buffer,1,7280.777056792653,7289.636831953986,262144
4,do_nothing,MRB,1,4021.7720860658783,4030.902219766087,262144
5,do_nothing,ArrayQueue,1,503.59888523566445,508.74000252148306,262144
6,do_nothing,Queue,1,111057.09826793846,107.78098324451645,262144
7,do_nothing,Ring buffer,1,9134.224885639705,9142.20119734651,262144
8,do_nothing,MRB,1,4028.3989350476595,4038.5948915101253,262144
9,do_nothing,ArrayQueue,1,530.1006575439131,535.9159214223602,262144
10,do_nothing,Queue,1,108318.35306714728,133.6115606134806,262144
11,do_nothing,Ring buffer,1,7662.894972102502,7674.303185613087,262144
12,do_nothing,MRB,1,3963.0436145515637,3972.1606755104963,262144
13,do_nothing,ArrayQueue,1,584.0675506389565,589.2141183870916,262144
14,do_nothing,Queue,1,110945.50685678997,128.20462775437517,262144
15,do_nothing,Ring buffer,1,7410.522755608346,7421.021014076673,262144
16,do_nothing,MRB,1,4035.1515995141176,4045.6861410347287,262144
17,do_nothing,ArrayQueue,1,552.7500374325688,558.4048471801566,262144
18,do_nothing,Queue,1,71798.50328671308,153.59126490108264,262144
19,do_nothing,Ring buffer,1,7324.008950993597,7332.2545194383165,262144
20,average,MRB,1,4722.182062312179,314.87485004135584,262144
21,average,ArrayQueue,1,626.8626447045538,319.5132116365368,262144
22,average,Queue,1,109442.08917973281,105.70644442682685,262144
23,average,Ring buffer,1,8341.402701463725,323.4733758685004,262144
24,average,MRB,1,4717.637078646873,316.0925545609413,262144
25,average,ArrayQueue,1,439.14048894550405,365.43737558263285,262144
26,average,Queue,1,111201.02981865632,97.9470086144861,262144
27,average,Ring buffer,1,8269.421176560494,317.6301038175142,262144
28,average,MRB,1,4051.553457350997,315.73505493713685,262144
29,average,ArrayQueue,1,644.3759570092157,320.9770972002737,262144
30,average,Queue,1,110233.50264856489,107.64296020802762,262144
31,average,Ring buffer,1,8254.059958794149,322.2368384687603,262144
32,average,MRB,1,3912.8833438224306,312.72890254802127,262144
33,average,ArrayQueue,1,609.5228222598427,318.8758642341728,262144
34,average,Queue,1,110593.2169285827,99.60602976298924,262144
35,average,Ring buffer,1,8602.544262103233,323.62590278751395,262144
36,average,MRB,1,4208.96562794766,309.3295530613419,262144
37,average,ArrayQueue,1,595.5884176787922,332.35940405676905,262144
38,average,Queue,1,108284.44337550046,98.98786772747502,262144
39,average,Ring buffer,1,8932.096915757198,323.15253898160415,262144
40,long_computation_st,MRB,1,4480.3986986035525,92.09699344663254,262144
41,long_computation_st,ArrayQueue,1,621.7764245494177,88.49865276062398,262144
42,long_computation_st,Queue,1,127554.83310619116,80.88208482616581,262144
43,long_computation_st,Ring buffer,1,8126.797414505399,88.75891938444013,262144
44,long_computation_st,MRB,1,3984.421645521714,90.3086851071096,262144
45,long_computation_st,ArrayQueue,1,652.1419587252739,103.26487171237578,262144
46,long_computation_st,Queue,1,131986.651477954,90.47941048537892,262144
47,long_computation_st,Ring buffer,1,8685.403248022241,108.96683122742662,262144
48,long_computation_st,MRB,1,4183.724004117791,109.06273898549364,262144
49,long_computation_st,ArrayQueue,1,635.4228209203974,104.53176611431385,262144
50,long_computation_st,Queue,1,111007.10586976125,87.28918017705445,262144
51,long_computation_st,Ring buffer,1,8445.911408817012,88.32143128863298,262144
52,long_computation_st,MRB,1,4371.084509747644,93.22599465658439,262144
53,long_computation_st,ArrayQueue,1,675.2719162015305,89.53642659339258,262144
54,long_computation_st,Queue,1,113372.9104637366,103.8529615409945,262144
55,long_computation_st,Ring buffer,1,9437.424068838518,107.85434429127147,262144
56,long_computation_st,MRB,1,4092.28511601453,111.21213763037831,262144
57,long_computation_st,ArrayQueue,1,628.7222824795289,100.84912685445136,262144
58,long_computation_st,Queue,1,129462.86352228677,90.05275817301141,262144
59,long_computation_st,Ring buffer,1,8390.914206952586,89.03122475580055,262144
60,long_computation_mt,MRB,1,1690.5554002414635,63.18094945464471,262144
61,long_computation_mt,ArrayQueue,1,558.3209902940064,91.68771475324994,262144
62,long_computation_mt,Queue,1,53341.86456937697,46.693679246125406,262144
63,long_computation_mt,Ring buffer,1,3611.255837377883,74.63261192592692,262144
64,long_computation_mt,MRB,1,1555.1247844652687,71.8087700979147,262144
65,long_computation_mt,ArrayQueue,1,492.0093103375104,100.68878616112816,262144
66,long_computation_mt,Queue,1,33411.01924695631,65.57336812821335,262144
67,long_computation_mt,Ring buffer,1,3537.672109898269,75.57094084994421,262144
68,long_computation_mt,MRB,1,1583.2123762564502,71.05661150770197,262144
69,long_computation_mt,ArrayQueue,1,569.1793149546319,62.20963041863103,262144
70,long_computation_mt,Queue,1,40034.04997385247,67.8855045794377,262144
71,long_computation_mt,Ring buffer,1,3902.916609285586,71.1300196108365,262144
72,long_computation_mt,MRB,1,1741.957213815159,81.96982794573869,262144
73,long_computation_mt,ArrayQueue,1,538.7391321780281,64.97029926082196,262144
74,long_computation_mt,Queue,1,53396.37026519025,72.32106546557505,262144
75,long_computation_mt,Ring buffer,1,4073.4022264940354,75.63312050810308,262144
76,long_computation_mt,MRB,1,1908.5258380098553,71.63079829757706,262144
77,long_computation_mt,ArrayQueue,1,569.2977105778133,100.55994122015035,262144
78,long_computation_mt,Queue,1,29592.35128057587,69.99484062327346,262144
79,long_computation_mt,Ring buffer,1,3775.0536403051096,73.91755126290386,262144
80,do_nothing,MRB,5,1985.1874018513358,1988.42387977555,262144
81,do_nothing,ArrayQueue,5,554.8679557828613,559.8954466426586,262144
82,do_nothing,Queue,5,109339.20927466957,156.46185283737907,262144
83,do_nothing,Ring buffer,5,6052.415654241334,6056.744417697208,262144
84,do_nothing,MRB,5,2168.5436398471325,2171.1532300101517,262144
85,do_nothing,ArrayQueue,5,522.4312256288474,526.7669644642102,262144
86,do_nothing,Queue,5,134430.23509910866,127.4492261859085,262144
87,do_nothing,Ring buffer,5,6704.924553005371,6710.84848711963,262144
88,do_nothing,MRB,5,1946.6756647759507,1950.3970172684476,262144
89,do_nothing,ArrayQueue,5,508.05878035440526,512.0611983818887,262144
90,do_nothing,Queue,5,109324.95333202362,126.16822134281385,262144
91,do_nothing,Ring buffer,5,6126.714027787963,6132.344761583295,262144
92,do_nothing,MRB,5,2040.107328562199,2043.8727040169094,262144
93,do_nothing,ArrayQueue,5,501.3934024604178,506.1221930602722,262144
94,do_nothing,Queue,5,101801.2772681643,131.71587643171867,262144
95,do_nothing,Ring buffer,5,5992.129643373801,5996.010639970281,262144
96,do_nothing,MRB,5,2187.6423604847573,2192.3665455267555,262144
97,do_nothing,ArrayQueue,5,556.8348866608969,562.8821261667008,262144
98,do_nothing,Queue,5,104010.21726122701,146.03621545628917,262144
99,do_nothing,Ring buffer,5,6428.179530711419,6431.621813363084,262144
100,average,MRB,5,4225.431886542781,1517.4608604819648,262144
101,average,ArrayQueue,5,515.2909998042187,519.7728268893035,262144
102,average,Queue,5,106182.9353190613,122.34582213419797,262144
103,average,Ring buffer,5,8393.350900174908,1395.562311887136,262144
104,average,MRB,5,3947.6799389545104,1491.8672916101823,262144
105,average,ArrayQueue,5,497.19331131183014,501.46416705348554,262144
106,average,Queue,5,105365.0227790613,111.84456227435936,262144
107,average,Ring buffer,5,8393.954327360521,1545.7216874139365,262144
108,average,MRB,5,4047.4549551257032,1501.7068356913517,262144
109,average,ArrayQueue,5,542.6890021785285,547.3414868654681,262144
110,average,Queue,5,105328.0080696521,136.82099219745228,262144
111,average,Ring buffer,5,7760.853106762018,1533.4554656842224,262144
112,average,MRB,5,3215.740753110977,1471.9368398240283,262144
113,average,ArrayQueue,5,492.29499930136507,495.9509264895502,262144
114,average,Queue,5,107504.95788177177,116.0844043280826,262144
115,average,Ring buffer,5,8054.43507650341,1559.2545640506078,262144
116,average,MRB,5,3137.619704725965,1512.0202800366326,262144
117,average,ArrayQueue,5,536.1938888096677,541.3985952531315,262144
118,average,Queue,5,105128.0875137248,116.45571692758891,262144
119,average,Ring buffer,5,7006.228410571508,1564.8418905811197,262144
120,long_computation_st,MRB,5,4125.349341582523,418.9099431299171,262144
121,long_computation_st,ArrayQueue,5,588.110082816545,438.39317221442906,262144
122,long_computation_st,Queue,5,111715.43259732114,116.41380715010433,262144
123,long_computation_st,Ring buffer,5,8477.228650581446,458.1081782222695,262144
124,long_computation_st,MRB,5,4239.8340916805555,396.0845917224631,262144
125,long_computation_st,ArrayQueue,5,607.5357119495518,376.9733543703384,262144
126,long_computation_st,Queue,5,108739.31687937945,114.50663019644533,262144
127,long_computation_st,Ring buffer,5,9246.756662221338,440.1713306099506,262144
128,long_computation_st,MRB,5,3242.5036409929266,387.12992260964626,262144
129,long_computation_st,ArrayQueue,5,582.1034531762917,394.35451027299024,262144
130,long_computation_st,Queue,5,98739.64228705943,131.57695448538095,262144
131,long_computation_st,Ring buffer,5,7676.590104169246,340.1062030489808,262144
132,long_computation_st,MRB,5,2958.6343600728515,391.9215804261437,262144
133,long_computation_st,ArrayQueue,5,564.4405269948072,398.2055188221051,262144
134,long_computation_st,Queue,5,108653.12670032665,106.79402032478492,262144
135,long_computation_st,Ring buffer,5,8174.546859484929,433.6090719165164,262144
136,long_computation_st,MRB,5,3897.6082791835715,451.83587435475215,262144
137,long_computation_st,ArrayQueue,5,583.5218216195041,401.11230337289487,262144
138,long_computation_st,Queue,5,110087.75859957855,119.65750988205826,262144
139,long_computation_st,Ring buffer,5,7097.146711461735,420.4801438772671,262144
140,long_computation_mt,MRB,5,1244.7775969927636,132.8146595693391,262144
141,long_computation_mt,ArrayQueue,5,414.82779940660856,158.63303568501502,262144
142,long_computation_mt,Queue,5,19214.9137656903,78.98046124821056,262144
143,long_computation_mt,Ring buffer,5,1437.1588297090289,133.41136597223428,262144
144,long_computation_mt,MRB,5,1049.8290468436778,111.21617810799322,262144
145,long_computation_mt,ArrayQueue,5,400.8697272691305,127.66658880778473,262144
146,long_computation_mt,Queue,5,18038.71342579404,80.16410253293286,262144
147,long_computation_mt,Ring buffer,5,985.2180821430856,117.4028842958258,262144
148,long_computation_mt,MRB,5,721.015999510116,112.67955937184377,262144
149,long_computation_mt,ArrayQueue,5,363.01569074371895,117.45613550127379,262144
150,long_computation_mt,Queue,5,26715.68240339261,96.75464949024216,262144
151,long_computation_mt,Ring buffer,5,1854.4510495114134,120.5859720965952,262144
152,long_computation_mt,MRB,5,887.7183191861837,95.92412455289885,262144
153,long_computation_mt,ArrayQueue,5,339.0747755778983,110.98005956087187,262144
154,long_computation_mt,Queue,5,15625.032372665708,68.90041821096219,262144
155,long_computation_mt,Ring buffer,5,794.5537024768836,114.93237937669792,262144
156,long_computation_mt,MRB,5,700.4326819294062,115.53969033927416,262144
157,long_computation_mt,ArrayQueue,5,470.59648597136214,132.4084045571015,262144
158,long_computation_mt,Queue,5,15859.286501006482,74.93392811524991,262144
159,long_computation_mt,Ring buffer,5,1250.0258030827372,137.3518891101036,262144
160,do_nothing,MRB,10,1360.971608574708,1363.1160087305404,262144
161,do_nothing,ArrayQueue,10,528.7033689222296,531.9871383398912,262144
162,do_nothing,Queue,10,110267.90618818521,160.34766423416644,262144
163,do_nothing,Ring buffer,10,4520.548182145564,4523.401468471333,262144
164,do_nothing,MRB,10,1351.8837706636236,1354.3504782037476,262144
165,do_nothing,ArrayQueue,10,508.60008782746644,513.0908867939639,262144
166,do_nothing,Queue,10,108115.26269399171,148.93483581218925,262144
167,do_nothing,Ring buffer,10,4476.8371405649195,4479.665271964161,262144
168,do_nothing,MRB,10,1352.7288181011927,1355.1662311045777,262144
169,do_nothing,ArrayQueue,10,548.989944348011,552.9733278943398,262144
170,do_nothing,Queue,10,106886.8739772696,163.41828448675747,262144
171,do_nothing,Ring buffer,10,4560.719403259589,4565.492918645998,262144
172,do_nothing,MRB,10,1427.9024673554482,1430.2120496561272,262144
173,do_nothing,ArrayQueue,10,520.2384689271098,525.5555517238146,262144
174,do_nothing,Queue,10,107786.34499659094,154.61062182932156,262144
175,do_nothing,Ring buffer,10,4518.469009166978,4520.763573267227,262144
176,do_nothing,MRB,10,1508.769506318747,1510.9473229563534,262144
177,do_nothing,ArrayQueue,10,541.9719878053352,545.9091561806998,262144
178,do_nothing,Queue,10,111618.793043989,143.97090309883757,262144
179,do_nothing,Ring buffer,10,4161.844681194796,4165.30472063277,262144
180,average,MRB,10,2907.049691389951,2405.4349730788886,262144
181,average,ArrayQueue,10,516.7187344463634,520.7882422316363,262144
182,average,Queue,10,131338.45931278536,133.47016039578838,262144
183,average,Ring buffer,10,7686.628179808521,2697.0001639608645,262144
184,average,MRB,10,2832.3701917395106,2449.735038292035,262144
185,average,ArrayQueue,10,523.8946829773818,528.0605055360273,262144
186,average,Queue,10,111149.60734172344,134.10529592038813,262144
187,average,Ring buffer,10,7831.005140151229,2646.123074733376,262144
188,average,MRB,10,2719.183945337268,2384.773874743561,262144
189,average,ArrayQueue,10,552.9931106845752,556.6756515865358,262144
190,average,Queue,10,102988.8748642666,143.96151193334845,262144
191,average,Ring buffer,10,7554.41169724321,2668.787310520647,262144
192,average,MRB,10,2770.099417222293,2404.911906098065,262144
193,average,ArrayQueue,10,526.6127599955074,530.8042278889569,262144
194,average,Queue,10,105688.14448968919,149.3018220298116,262144
195,average,Ring buffer,10,5800.8102615537655,2553.2128053120214,262144
196,average,MRB,10,2849.5684642160036,2442.809244723202,262144
197,average,ArrayQueue,10,511.439556023863,515.4479681676436,262144
198,average,Queue,10,134402.41501959774,138.7355111862697,262144
199,average,Ring buffer,10,7605.996874033946,2646.88845491118,262144
200,long_computation_st,MRB,10,2830.1383800733465,501.48815310018153,262144
201,long_computation_st,ArrayQueue,10,541.7625057295097,532.1051670723715,262144
202,long_computation_st,Queue,10,126417.66312127147,124.20539911927239,262144
203,long_computation_st,Ring buffer,10,6140.432116163036,504.154804556771,262144
204,long_computation_st,MRB,10,2850.8043654229273,516.9552124407212,262144
205,long_computation_st,ArrayQueue,10,535.588115304869,509.8334497205538,262144
206,long_computation_st,Queue,10,126969.14715431537,134.3563258804461,262144
207,long_computation_st,Ring buffer,10,6299.290015617478,526.8245155391998,262144
208,long_computation_st,MRB,10,2755.017778027567,502.53874320487313,262144
209,long_computation_st,ArrayQueue,10,542.9947985394006,543.6422960590469,262144
210,long_computation_st,Queue,10,125806.97720919848,139.69841358082067,262144
211,long_computation_st,Ring buffer,10,6479.2201084222215,504.2347315557439,262144
212,long_computation_st,MRB,10,3024.352267209247,516.5751521057796,262144
213,long_computation_st,ArrayQueue,10,546.8767345710174,521.2312283637287,262144
214,long_computation_st,Queue,10,119894.98238263815,140.2813721497451,262144
215,long_computation_st,Ring buffer,10,6771.609879869693,488.1167185421969,262144
216,long_computation_st,MRB,10,2687.3602091785865,501.49530284611063,262144
217,long_computation_st,ArrayQueue,10,523.7973998146352,520.6711731311191,262144
218,long_computation_st,Queue,10,124000.20012452833,134.51662737121072,262144
219,long_computation_st,Ring buffer,10,6514.723912386631,532.7729959010067,262144
220,long_computation_mt,MRB,10,383.32827473948146,111.58249199387457,262144
221,long_computation_mt,ArrayQueue,10,343.0233635407681,131.28607996675908,262144
222,long_computation_mt,Queue,10,12632.704012910908,72.0315988351809,262144
223,long_computation_mt,Ring buffer,10,411.0314322339249,120.42701490305939,262144
224,long_computation_mt,MRB,10,311.4704851857923,129.64881784061888,262144
225,long_computation_mt,ArrayQueue,10,383.4787119726746,127.94215719328457,262144
226,long_computation_mt,Queue,10,15745.481230671598,73.1371380008118,262144
227,long_computation_mt,Ring buffer,10,387.7781701413711,120.36571013195469,262144
228,long_computation_mt,MRB,10,697.6550504727275,116.59963279659087,262144
229,long_computation_mt,ArrayQueue,10,235.22203902785222,125.44921926153432,262144
230,long_computation_mt,Queue,10,13332.71551636613,71.8046718832531,262144
231,long_computation_mt,Ring buffer,10,401.8361292960556,125.71397611392617,262144
232,long_computation_mt,MRB,10,513.1449003901898,135.7192100414025,262144
233,long_computation_mt,ArrayQueue,10,232.12073528241058,109.25730991722253,262144
234,long_computation_mt,Queue,10,16287.32069643085,72.22513818186704,262144
235,long_computation_mt,Ring buffer,10,328.05991381000484,173.39519030411515,262144
236,long_computation_mt,MRB,10,924.2034854939227,166.2969357101441,262144
237,long_computation_mt,ArrayQueue,10,271.9536664438599,124.6339253850182,262144
238,long_computation_mt,Queue,10,14060.79854908318,68.90395203841497,262144
239,long_computation_mt,Ring buffer,10,359.6530452989367,130.82711193095736,262144
240,do_nothing,MRB,25,975.7639248799985,977.1835572989454,262144
241,do_nothing,ArrayQueue,25,515.6423183859121,519.7733498431948,262144
242,do_nothing,Queue,25,109356.22114967703,236.04890924518733,262144
243,do_nothing,Ring buffer,25,3068.1569464523004,2998.825830189819,262144
244,do_nothing,MRB,25,1013.0784436551058,1014.5223558482612,262144
245,do_nothing,ArrayQueue,25,536.6256765970484,540.7069716380614,262144
246,do_nothing,Queue,25,111413.95295483642,205.133355527281,262144
247,do_nothing,Ring buffer,25,2907.884007531744,2909.3362810579674,262144
248,do_nothing,MRB,25,1042.6956935225996,1142.767735316178,262144
249,do_nothing,ArrayQueue,25,587.3753923460565,591.6302525052147,262144
250,do_nothing,Queue,25,109048.18840674707,221.39351038617315,262144
251,do_nothing,Ring buffer,25,2865.2862787118893,2817.868139435342,262144
252,do_nothing,MRB,25,1033.8048383425962,1035.432242073493,262144
253,do_nothing,ArrayQueue,25,528.1947523009345,532.0672517645477,262144
254,do_nothing,Queue,25,110742.16914374946,195.17099471026302,262144
255,do_nothing,Ring buffer,25,2739.794462320381,2698.706675366628,262144
256,do_nothing,MRB,25,1313.2030688310738,1315.339640827046,262144
257,do_nothing,ArrayQueue,25,545.1030622312543,549.0294903305733,262144
258,do_nothing,Queue,25,110250.00030465965,200.8121413572882,262144
259,do_nothing,Ring buffer,25,2395.2674834366044,2398.1059101910505,262144
260,average,MRB,25,1528.7920427784327,1532.3626559990885,262144
261,average,ArrayQueue,25,549.240347568973,553.3638400242017,262144
262,average,Queue,25,104631.07084228718,190.69686140990078,262144
263,average,Ring buffer,25,2093.1726618474727,1985.532595764094,262144
264,average,MRB,25,1695.2330490285126,1699.6166779984758,262144
265,average,ArrayQueue,25,525.4069036491459,528.7726456238468,262144
266,average,Queue,25,110184.76077276247,188.80999385015656,262144
267,average,Ring buffer,25,2111.4530801976493,2113.3106861740894,262144
268,average,MRB,25,1686.4967602863182,1690.0696236066874,262144
269,average,ArrayQueue,25,546.2878780828238,549.7817837875848,262144
270,average,Queue,25,106354.90453104241,186.95541952553765,262144
271,average,Ring buffer,25,2134.2135783062595,2135.798698382285,262144
272,average,MRB,25,1688.6356676442506,1691.5379655546658,262144
273,average,ArrayQueue,25,551.270493029453,554.7071278383121,262144
274,average,Queue,25,110563.14931295729,205.5758325887218,262144
275,average,Ring buffer,25,2031.4608258530545,2128.8528481843728,262144
276,average,MRB,25,1760.596590933402,1731.572792621776,262144
277,average,ArrayQueue,25,536.2395062690168,540.374170372087,262144
278,average,Queue,25,110496.92339514237,190.73601877605682,262144
279,average,Ring buffer,25,2119.36713721736,2083.3524895071278,262144
280,long_computation_st,MRB,25,687.906754439924,520.3978590234598,262144
281,long_computation_st,ArrayQueue,25,517.8357623170378,520.6848696007856,262144
282,long_computation_st,Queue,25,119203.7171915072,175.82431975068863,262144
283,long_computation_st,Ring buffer,25,495.6519344638843,495.9891353147969,262144
284,long_computation_st,MRB,25,876.3186169694,557.7016163585193,262144
285,long_computation_st,ArrayQueue,25,522.8580938749576,526.7901294505908,262144
286,long_computation_st,Queue,25,117172.17902489113,185.21937307698673,262144
287,long_computation_st,Ring buffer,25,1073.7260300704902,508.0815331946351,262144
288,long_computation_st,MRB,25,516.0677728992027,517.1648367019648,262144
289,long_computation_st,ArrayQueue,25,523.6861243547214,527.9164852169412,262144
290,long_computation_st,Queue,25,103784.4195522838,185.46773442747403,262144
291,long_computation_st,Ring buffer,25,2552.9836331246165,554.408273907621,262144
292,long_computation_st,MRB,25,486.3391041707147,472.7027786341838,262144
293,long_computation_st,ArrayQueue,25,515.0489574827216,519.1687043670445,262144
294,long_computation_st,Queue,25,131359.1336398045,163.92000795363677,262144
295,long_computation_st,Ring buffer,25,2175.1069776699387,559.7497167107126,262144
296,long_computation_st,MRB,25,683.1902691557918,567.0812063170026,262144
297,long_computation_st,ArrayQueue,25,524.5218630392812,528.4195775951989,262144
298,long_computation_st,Queue,25,108363.13864987348,176.75927737690617,262144
299,long_computation_st,Ring buffer,25,1320.0747546741545,537.2952896919963,262144
300,long_computation_mt,MRB,25,317.77678323475914,132.81716037107944,262144
301,long_computation_mt,ArrayQueue,25,164.09582648671227,164.30405315133902,262144
302,long_computation_mt,Queue,25,16501.87998242909,62.94346213798908,262144
303,long_computation_mt,Ring buffer,25,322.4684499282899,134.56533455567606,262144
304,long_computation_mt,MRB,25,209.63551725133198,142.32010578682423,262144
305,long_computation_mt,ArrayQueue,25,163.66737752210423,136.7333622026143,262144
306,long_computation_mt,Queue,25,14705.220099621356,65.69482374135187,262144
307,long_computation_mt,Ring buffer,25,341.4524596701076,134.64637021131873,262144
308,long_computation_mt,MRB,25,243.20237830898373,137.86424854353365,262144
309,long_computation_mt,ArrayQueue,25,156.61372783653312,137.42904538754374,262144
310,long_computation_mt,Queue,25,20012.91987436887,70.39008855053939,262144
311,long_computation_mt,Ring buffer,25,282.23975995191614,251.3919397326414,262144
312,long_computation_mt,MRB,25,281.0512303013132,152.29109157677127,262144
313,long_computation_mt,ArrayQueue,25,160.89601871884463,131.88566192013343,262144
314,long_computation_mt,Queue,25,12236.423395953208,67.1608658027358,262144
315,long_computation_mt,Ring buffer,25,245.24844876862392,146.45373801546785,262144
316,long_computation_mt,MRB,25,355.905236407341,135.7483178577229,262144
317,long_computation_mt,ArrayQueue,25,141.5614903689297,138.16543908413863,262144
318,long_computation_mt,Queue,25,13500.181171039596,72.14841500568104,262144
319,long_computation_mt,Ring buffer,25,230.3057607604148,133.8063583160997,262144
320,do_nothing,MRB,1,1453.2917038066985,1425.7246117704892,1048576
321,do_nothing,ArrayQueue,1,378.7120674872453,382.32239176414294,1048576
322,do_nothing,Queue,1,102653.41010303012,145.34411560416228,1048576
323,do_nothing,Ring buffer,1,3288.045410779814,3291.5178300426514,1048576
324,do_nothing,MRB,1,1319.7799698838267,1312.2880994584318,1048576
325,do_nothing,ArrayQueue,1,427.9985238244847,431.9826509043884,1048576
326,do_nothing,Queue,1,105318.87318785493,114.81491928839765,1048576
327,do_nothing,Ring buffer,1,3360.4811732574135,3363.370487101434,1048576
328,do_nothing,MRB,1,1247.1903025319673,1229.8331916431268,1048576
329,do_nothing,ArrayQueue,1,393.1724688196754,397.19195453361203,1048576
330,do_nothing,Queue,1,93134.24683421609,155.27163753677868,1048576
331,do_nothing,Ring buffer,1,3826.378708503291,3831.7253659165517,1048576
332,do_nothing,MRB,1,1284.372935640832,1271.287309662874,1048576
333,do_nothing,ArrayQueue,1,416.83499157928674,421.3226831629106,1048576
334,do_nothing,Queue,1,103573.410204061,140.62466522125425,1048576
335,do_nothing,Ring buffer,1,3185.5078509091977,3189.57949438407,1048576
336,do_nothing,MRB,1,1282.2543478464522,1264.511761149711,1048576
337,do_nothing,ArrayQueue,1,403.1371517453584,407.4700019778667,1048576
338,do_nothing,Queue,1,105323.62561963673,130.0969115781838,1048576
339,do_nothing,Ring buffer,1,3210.1368757745313,3211.2313554429675,1048576
340,average,MRB,1,1458.8334219521437,274.28752327497403,1048576
341,average,ArrayQueue,1,401.5219122129867,348.5348030247826,1048576
342,average,Queue,1,126960.14893362344,108.14963199887498,1048576
343,average,Ring buffer,1,4266.281701568435,291.5473991025385,1048576
344,average,MRB,1,1475.5033282671018,295.1399945459898,1048576
345,average,ArrayQueue,1,425.4386877417219,301.60047733993383,1048576
346,average,Queue,1,118348.72712040445,111.74678071669142,1048576
347,average,Ring buffer,1,3775.120729839738,291.18511839945995,1048576
348,average,MRB,1,1465.000187094641,296.0156710026202,1048576
349,average,ArrayQueue,1,385.0364873696242,353.45058296505863,1048576
350,average,Queue,1,105133.90405317042,129.69675463599583,1048576
351,average,Ring buffer,1,3432.655418524057,291.1721686008389,1048576
352,average,MRB,1,1474.3348931632374,285.3429973584407,1048576
353,average,ArrayQueue,1,360.00842811358785,300.43648656894436,1048576
354,average,Queue,1,100370.48398375341,124.25779224161708,1048576
355,average,Ring buffer,1,3563.0610621691,282.74708190161795,1048576
356,average,MRB,1,1468.1791517044194,329.6803346823952,1048576
357,average,ArrayQueue,1,382.62057400600094,350.3265233042815,1048576
358,average,Queue,1,116436.19436962999,111.10911585868058,1048576
359,average,Ring buffer,1,3455.520806724703,282.5726775163726,1048576
360,long_computation_st,MRB,1,1486.9884775845458,90.56115167027775,1048576
361,long_computation_st,ArrayQueue,1,435.9269481094253,86.91050928211054,1048576
362,long_computation_st,Queue,1,107261.93993537674,97.37653761129451,1048576
363,long_computation_st,Ring buffer,1,3982.9504375372726,91.79012028591424,1048576
364,long_computation_st,MRB,1,1654.7869315533585,87.35875616168677,1048576
365,long_computation_st,ArrayQueue,1,450.5375245060429,87.91841225896594,1048576
366,long_computation_st,Queue,1,107089.51156899345,83.57363580020213,1048576
367,long_computation_st,Ring buffer,1,3650.017127943691,85.82910745534116,1048576
368,long_computation_st,MRB,1,1446.3019765591387,88.66701825616256,1048576
369,long_computation_st,ArrayQueue,1,450.2171663120612,103.99124804929274,1048576
370,long_computation_st,Queue,1,106713.90883760674,96.46082395783799,1048576
371,long_computation_st,Ring buffer,1,3995.64255103648,106.29063494074028,1048576
372,long_computation_st,MRB,1,1626.7259188261562,100.8135745508008,1048576
373,long_computation_st,ArrayQueue,1,444.6523481543904,106.17249187776724,1048576
374,long_computation_st,Queue,1,107917.26943736382,83.5676539826435,1048576
375,long_computation_st,Ring buffer,1,4108.243952091123,89.49198151378074,1048576
376,long_computation_st,MRB,1,1463.1851045619062,89.02073873108533,1048576
377,long_computation_st,ArrayQueue,1,461.6727174167503,92.14648797055575,1048576
378,long_computation_st,Queue,1,108302.34863670656,83.89123062663037,1048576
379,long_computation_st,Ring buffer,1,3713.4914570687874,87.83245940563691,1048576
380,long_computation_mt,MRB,1,510.28400868985364,78.73946187566823,1048576
381,long_computation_mt,ArrayQueue,1,325.94790053577594,103.64053447736495,1048576
382,long_computation_mt,Queue,1,50973.338614901615,61.68170505213585,1048576
383,long_computation_mt,Ring buffer,1,1088.1373856235964,61.79754537849053,1048576
384,long_computation_mt,MRB,1,539.1594212126261,91.80154872422499,1048576
385,long_computation_mt,ArrayQueue,1,317.3604434258599,105.77968455765303,1048576
386,long_computation_mt,Queue,1,41582.003407131786,57.58833017144644,1048576
387,long_computation_mt,Ring buffer,1,1255.8512021207753,67.19607659249458,1048576
388,long_computation_mt,MRB,1,601.3187683036492,49.88983299335454,1048576
389,long_computation_mt,ArrayQueue,1,320.36940420228547,81.27002826636627,1048576
390,long_computation_mt,Queue,1,39877.488558475285,58.61589084347454,1048576
391,long_computation_mt,Ring buffer,1,954.5823622579684,67.38831947306714,1048576
392,long_computation_mt,MRB,1,548.3013009915641,97.32265849096734,1048576
393,long_computation_mt,ArrayQueue,1,353.38888999261314,96.89876048207283,1048576
394,long_computation_mt,Queue,1,39780.96765106938,58.87564320681288,1048576
395,long_computation_mt,Ring buffer,1,1027.7142669277896,72.801273582804,1048576
396,long_computation_mt,MRB,1,634.1176216491118,65.68449587794024,1048576
397,long_computation_mt,ArrayQueue,1,317.4565816999098,101.01210083555375,1048576
398,long_computation_mt,Queue,1,33791.020853370166,59.32680442101012,1048576
399,long_computation_mt,Ring buffer,1,669.4675727708964,60.82132754848762,1048576
400,do_nothing,MRB,5,1082.6781278453898,1082.5493258791596,1048576
401,do_nothing,ArrayQueue,5,407.1881278889335,410.7160433795659,1048576
402,do_nothing,Queue,5,98033.61984327158,144.19591435122342,1048576
403,do_nothing,Ring buffer,5,2733.427963060065,2735.2577833271002,1048576
404,do_nothing,MRB,5,1134.30729755893,1137.572325013746,1048576
405,do_nothing,ArrayQueue,5,412.77434873735,416.4112163475243,1048576
406,do_nothing,Queue,5,102513.30892677137,160.65799792650478,1048576
407,do_nothing,Ring buffer,5,2911.8731112666883,2914.4291669747954,1048576
408,do_nothing,MRB,5,1005.3441113752073,1007.07359265182,1048576
409,do_nothing,ArrayQueue,5,394.8726093591228,398.32984211688097,1048576
410,do_nothing,Queue,5,97482.19282930721,153.568854524185,1048576
411,do_nothing,Ring buffer,5,3033.6136569495698,3035.5103617905233,1048576
412,do_nothing,MRB,5,1113.0527585522302,1115.9015104344173,1048576
413,do_nothing,ArrayQueue,5,475.1490291086023,479.63803805214116,1048576
414,do_nothing,Queue,5,117537.92794228265,153.49214975487172,1048576
415,do_nothing,Ring buffer,5,3292.0161736994055,3294.1122365471933,1048576
416,do_nothing,MRB,5,1163.308617072579,1169.7982686837142,1048576
417,do_nothing,ArrayQueue,5,411.4327534848622,415.178838750033,1048576
418,do_nothing,Queue,5,101059.35192829013,153.96284624879624,1048576
419,do_nothing,Ring buffer,5,2752.620982381275,2753.5824226824557,1048576
420,average,MRB,5,1309.6350342472854,1281.7597034609903,1048576
421,average,ArrayQueue,5,429.4519564547328,433.9669661366439,1048576
422,average,Queue,5,92374.68038625638,154.93246357716535,1048576
423,average,Ring buffer,5,3746.4772495741236,1380.1727291735622,1048576
424,average,MRB,5,1170.7183798191995,1167.4176102375577,1048576
425,average,ArrayQueue,5,370.0843668326981,373.5102613908649,1048576
426,average,Queue,5,98513.46500652043,151.49007463333808,1048576
427,average,Ring buffer,5,3890.1690365923346,1439.92327903451,1048576
428,average,MRB,5,1070.3315650180405,1073.4091282172174,1048576
429,average,ArrayQueue,5,402.43517493221276,406.30438175259184,1048576
430,average,Queue,5,102858.31212074499,140.62641526491646,1048576
431,average,Ring buffer,5,3457.2181856710067,1271.4711884792437,1048576
432,average,MRB,5,1241.8940021331664,1239.2076295358586,1048576
433,average,ArrayQueue,5,386.1781389362352,390.2194291448673,1048576
434,average,Queue,5,92493.15139001631,155.40948326124345,1048576
435,average,Ring buffer,5,3559.0829752340005,1352.608574999595,1048576
436,average,MRB,5,1442.8890770076391,1303.6774938362257,1048576
437,average,ArrayQueue,5,387.11060673112763,389.87210917617875,1048576
438,average,Queue,5,102601.6078976311,160.85987000513427,1048576
439,average,Ring buffer,5,3407.0325778729093,1325.8107644002298,1048576
440,long_computation_st,MRB,5,1450.440754885978,422.18059322771956,1048576
441,long_computation_st,ArrayQueue,5,455.36659996371833,384.67932071014934,1048576
442,long_computation_st,Queue,5,119248.65991250672,117.68100092014771,1048576
443,long_computation_st,Ring buffer,5,3966.138151087245,452.3585591260209,1048576
444,long_computation_st,MRB,5,1386.7193754836146,441.3573131160083,1048576
445,long_computation_st,ArrayQueue,5,379.8639195557317,374.40047188140005,1048576
446,long_computation_st,Queue,5,104422.58431835634,135.75229647012966,1048576
447,long_computation_st,Ring buffer,5,3634.7870568790554,385.5643705551237,1048576
448,long_computation_st,MRB,5,1253.678904441203,424.66851682985396,1048576
449,long_computation_st,ArrayQueue,5,441.18777353903374,313.8124358440059,1048576
450,long_computation_st,Queue,5,108257.47261023238,127.60290657094195,1048576
451,long_computation_st,Ring buffer,5,3805.7285557468813,441.45280430580306,1048576
452,long_computation_st,MRB,5,1553.0921527859891,399.5969359960424,1048576
453,long_computation_st,ArrayQueue,5,428.3128789214166,423.0468795765218,1048576
454,long_computation_st,Queue,5,99424.07751600497,153.10964986685207,1048576
455,long_computation_st,Ring buffer,5,3200.5696901138995,433.48279874674586,1048576
456,long_computation_st,MRB,5,1555.867356240816,448.15412474638856,1048576
457,long_computation_st,ArrayQueue,5,410.95516807685823,410.42118617734127,1048576
458,long_computation_st,Queue,5,78946.96587149925,144.13524744002356,1048576
459,long_computation_st,Ring buffer,5,4021.263879597314,420.58470184684796,1048576
460,long_computation_mt,MRB,5,312.92103232317083,103.1793658187414,1048576
461,long_computation_mt,ArrayQueue,5,252.03822582497475,112.34427953910287,1048576
462,long_computation_mt,Queue,5,23462.436518128496,58.89893069948413,1048576
463,long_computation_mt,Ring buffer,5,260.29105343001595,114.04705321742192,1048576
464,long_computation_mt,MRB,5,360.0765169410794,111.33176291787368,1048576
465,long_computation_mt,ArrayQueue,5,252.4416789452021,110.31817502345812,1048576
466,long_computation_mt,Queue,5,20399.144095738822,61.44195655268892,1048576
467,long_computation_mt,Ring buffer,5,380.53007631925584,124.596240504399,1048576
468,long_computation_mt,MRB,5,259.18304316664836,124.48127468559278,1048576
469,long_computation_mt,ArrayQueue,5,181.91452009035868,104.34396954508212,1048576
470,long_computation_mt,Queue,5,22891.279995289577,63.569177694529536,1048576
471,long_computation_mt,Ring buffer,5,241.0509421806687,88.53970060937739,1048576
472,long_computation_mt,MRB,5,402.2305135772387,156.32281563097968,1048576
473,long_computation_mt,ArrayQueue,5,204.89690224964397,97.73118500001848,1048576
474,long_computation_mt,Queue,5,20485.780684479043,61.63772135955757,1048576
475,long_computation_mt,Ring buffer,5,329.15587130958295,84.94328734800175,1048576
476,long_computation_mt,MRB,5,220.73973743676171,85.82193675432126,1048576
477,long_computation_mt,ArrayQueue,5,249.58441733794598,109.79392354438977,1048576
478,long_computation_mt,Queue,5,17192.35282819862,60.18153419508233,1048576
479,long_computation_mt,Ring buffer,5,308.4651231424127,112.14515725834347,1048576
480,do_nothing,MRB,10,759.2051230469993,760.3121929718267,1048576
481,do_nothing,ArrayQueue,10,400.7590461462145,403.8898599219713,1048576
482,do_nothing,Queue,10,83610.94379910329,173.5669276722134,1048576
483,do_nothing,Ring buffer,10,2635.436164088664,2636.0088398723215,1048576
484,do_nothing,MRB,10,872.4986486726755,873.8794241198392,1048576
485,do_nothing,ArrayQueue,10,432.43717930184386,436.57702380286884,1048576
486,do_nothing,Queue,10,102781.95798005117,163.1815965927432,1048576
487,do_nothing,Ring buffer,10,1979.70658592606,1980.9384661272957,1048576
488,do_nothing,MRB,10,887.6387778660292,889.0339130912768,1048576
489,do_nothing,ArrayQueue,10,426.90537130563763,430.21846717351934,1048576
490,do_nothing,Queue,10,98592.8160479963,157.85677391423317,1048576
491,do_nothing,Ring buffer,10,2626.833430581652,2628.9268226010195,1048576
492,do_nothing,MRB,10,833.9187691519184,835.3145850447094,1048576
493,do_nothing,ArrayQueue,10,414.84981439160646,418.64830525574865,1048576
494,do_nothing,Queue,10,105901.208566227,157.87003524698284,1048576
495,do_nothing,Ring buffer,10,2589.0064220826102,2590.8029943275264,1048576
496,do_nothing,MRB,10,954.670608522552,956.106883072327,1048576
497,do_nothing,ArrayQueue,10,466.41254323452574,470.4598609446079,1048576
498,do_nothing,Queue,10,88853.7959324003,170.1542784998543,1048576
499,do_nothing,Ring buffer,10,2380.7074836023594,2381.1525123536653,1048576
500,average,MRB,10,1000.1997857953542,1002.2318146356654,1048576
501,average,ArrayQueue,10,428.3448679196125,431.8163351884042,1048576
502,average,Queue,10,104916.35172958781,169.66334695975425,1048576
503,average,Ring buffer,10,3074.568326887614,1892.440021495604,1048576
504,average,MRB,10,950.4643826030837,952.2109269781982,1048576
505,average,ArrayQueue,10,392.62664066850095,396.131962504737,1048576
506,average,Queue,10,121093.3131439657,164.5241174634035,1048576
507,average,Ring buffer,10,3270.0657751334334,1949.5706149599241,1048576
508,average,MRB,10,971.2955819465096,972.5841417758144,1048576
509,average,ArrayQueue,10,428.8714400859011,431.58860402109934,1048576
510,average,Queue,10,103160.07542490891,167.48217545468032,1048576
511,average,Ring buffer,10,2939.8353257217004,1792.6496816811937,1048576
512,average,MRB,10,1061.425647676065,1063.247129690605,1048576
513,average,ArrayQueue,10,379.7115942323373,382.5951602204215,1048576
514,average,Queue,10,106239.60140404123,146.90228056060778,1048576
515,average,Ring buffer,10,2995.1749222541084,1828.8810623561308,1048576
516,average,MRB,10,1020.6693003826678,1022.2820672359466,1048576
517,average,ArrayQueue,10,426.01515221251873,429.93185749108306,1048576
518,average,Queue,10,103927.89808097249,162.1109019971001,1048576
519,average,Ring buffer,10,2932.5413252659646,1793.6861825805959,1048576
520,long_computation_st,MRB,10,1076.0066733956573,506.2386213200247,1048576
521,long_computation_st,ArrayQueue,10,442.9104175547608,446.5493343346751,1048576
522,long_computation_st,Queue,10,89004.76593653159,147.4639011858493,1048576
523,long_computation_st,Ring buffer,10,2746.9890716481755,506.71944295108614,1048576
524,long_computation_st,MRB,10,1057.1617514337622,489.1932452823239,1048576
525,long_computation_st,ArrayQueue,10,420.02572538329997,423.5843112050179,1048576
526,long_computation_st,Queue,10,93071.35692475567,140.0433546900054,1048576
527,long_computation_st,Ring buffer,10,2725.871180413687,485.08404179345445,1048576
528,long_computation_st,MRB,10,1085.204179578923,515.4887524356834,1048576
529,long_computation_st,ArrayQueue,10,440.50528372819906,443.83733425807185,1048576
530,long_computation_st,Queue,10,106041.21274608297,155.93339654523209,1048576
531,long_computation_st,Ring buffer,10,3754.051104771213,483.25929189201514,1048576
532,long_computation_st,MRB,10,1120.2036966499538,518.2499934292706,1048576
533,long_computation_st,ArrayQueue,10,426.47728060751973,429.9637962006428,1048576
534,long_computation_st,Queue,10,115600.11108592172,153.94474215796612,1048576
535,long_computation_st,Ring buffer,10,2746.1774297125157,488.981127952713,1048576
536,long_computation_st,MRB,10,1056.6553463640548,508.1290486426729,1048576
537,long_computation_st,ArrayQueue,10,433.3753635147306,437.0613363891376,1048576
538,long_computation_st,Queue,10,122453.35129285678,131.4769119036487,1048576
539,long_computation_st,Ring buffer,10,2814.6464191745354,511.60076686811135,1048576
540,long_computation_mt,MRB,10,190.47986460894842,139.75992025492403,1048576
541,long_computation_mt,ArrayQueue,10,121.36818952548661,117.31540703324507,1048576
542,long_computation_mt,Queue,10,18047.54832764913,50.87443102196049,1048576
543,long_computation_mt,Ring buffer,10,196.25798653414262,133.69700163986542,1048576
544,long_computation_mt,MRB,10,223.32551887860097,131.44547917528917,1048576
545,long_computation_mt,ArrayQueue,10,161.35054726160007,108.08476173295895,1048576
546,long_computation_mt,Queue,10,18226.17080489454,51.52713543917703,1048576
547,long_computation_mt,Ring buffer,10,138.8602572382182,122.4329576866481,1048576
548,long_computation_mt,MRB,10,121.16015073942795,113.64807113102151,1048576
549,long_computation_mt,ArrayQueue,10,98.75176686589884,97.96198209838916,1048576
550,long_computation_mt,Queue,10,22944.864285148153,54.51290096391802,1048576
551,long_computation_mt,Ring buffer,10,328.1094043957453,124.16903696739377,1048576
552,long_computation_mt,MRB,10,127.97856147141677,125.08329193831172,1048576
553,long_computation_mt,ArrayQueue,10,161.89987066052564,119.34929354853107,1048576
554,long_computation_mt,Queue,10,19212.247057512257,52.54620974851241,1048576
555,long_computation_mt,Ring buffer,10,195.47234833818192,134.3339903744844,1048576
556,long_computation_mt,MRB,10,167.48433792736793,102.64291592499481,1048576
557,long_computation_mt,ArrayQueue,10,181.83311341261071,116.00539622564159,1048576
558,long_computation_mt,Queue,10,16499.023339927964,53.93955765948085,1048576
559,long_computation_mt,Ring buffer,10,145.1415066457767,128.72457877010967,1048576
560,do_nothing,MRB,25,631.820626354744,630.0355843287003,1048576
561,do_nothing,ArrayQueue,25,440.37418143891017,443.4907298865818,1048576
562,do_nothing,Queue,25,126732.94373948488,182.7840379517211,1048576
563,do_nothing,Ring buffer,25,1663.1203534928493,1663.883178587897,1048576
564,do_nothing,MRB,25,631.177640963035,632.1122182940504,1048576
565,do_nothing,ArrayQueue,25,416.6908482327091,420.40897237861816,1048576
566,do_nothing,Queue,25,107543.52195223648,176.9202383448055,1048576
567,do_nothing,Ring buffer,25,1427.5828629580374,1427.961768831467,1048576
568,do_nothing,MRB,25,566.7633990896293,558.5856461193911,1048576
569,do_nothing,ArrayQueue,25,472.6304915266038,476.2490841439857,1048576
570,do_nothing,Queue,25,101987.08157933167,183.97435082460777,1048576
571,do_nothing,Ring buffer,25,1597.0335410740208,1591.7623583867617,1048576
572,do_nothing,MRB,25,588.024630750307,588.9451878458066,1048576
573,do_nothing,ArrayQueue,25,455.9962182000998,459.82603866357164,1048576
574,do_nothing,Queue,25,106079.532447626,178.89705605484883,1048576
575,do_nothing,Ring buffer,25,1420.0335648613393,1421.524085946847,1048576
576,do_nothing,MRB,25,634.6304891974625,635.786026422932,1048576
577,do_nothing,ArrayQueue,25,442.6834070763582,446.02119869131127,1048576
578,do_nothing,Queue,25,103184.26223697067,180.25389198632357,1048576
579,do_nothing,Ring buffer,25,1683.245877709814,1683.8906328185105,1048576
580,average,MRB,25,777.1546034297564,776.5840932482793,1048576
581,average,ArrayQueue,25,428.5040299416283,431.24278699824384,1048576
582,average,Queue,25,99704.65397252749,179.5094196861027,1048576
583,average,Ring buffer,25,1393.798133383241,1329.9171965207468,1048576
584,average,MRB,25,796.2645344279507,797.7377372172082,1048576
585,average,ArrayQueue,25,456.1977109087602,459.3818577508289,1048576
586,average,Queue,25,101399.92818554903,181.94011383903808,1048576
587,average,Ring buffer,25,1468.1564569713482,1525.766472969446,1048576
588,average,MRB,25,773.373597880073,775.0174692385622,1048576
589,average,ArrayQueue,25,461.84731614297306,464.76352632930843,1048576
590,average,Queue,25,97283.92829120405,189.15874478534798,1048576
591,average,Ring buffer,25,1656.448165005334,1657.648888189282,1048576
592,average,MRB,25,806.1490713686472,807.7462321714393,1048576
593,average,ArrayQueue,25,422.5251560719303,426.0114306829159,1048576
594,average,Queue,25,111654.33329732949,187.6235931901608,1048576
595,average,Ring buffer,25,1636.9601248776855,1637.7648438487763,1048576
596,average,MRB,25,781.7594657711819,783.4785580732013,1048576
597,average,ArrayQueue,25,421.40612235315655,425.0423104743607,1048576
598,average,Queue,25,107896.83002685168,178.61567623319635,1048576
599,average,Ring buffer,25,1521.9675990661324,1522.9740543748974,1048576
600,long_computation_st,MRB,25,423.2916122465384,422.4899614491208,1048576
601,long_computation_st,ArrayQueue,25,445.7261369079599,449.0055972663738,1048576
602,long_computation_st,Queue,25,106091.78166364315,167.45548360292625,1048576
603,long_computation_st,Ring buffer,25,434.9765504985249,457.5891320865966,1048576
604,long_computation_st,MRB,25,464.5392326270977,458.36613393016137,1048576
605,long_computation_st,ArrayQueue,25,443.0225753251716,446.68445612601397,1048576
606,long_computation_st,Queue,25,102100.30920217738,171.5045403629388,1048576
607,long_computation_st,Ring buffer,25,453.41518127597624,446.3751792196766,1048576
608,long_computation_st,MRB,25,418.3808015843195,417.42177065984174,1048576
609,long_computation_st,ArrayQueue,25,443.32479260139195,446.4097450217712,1048576
610,long_computation_st,Queue,25,114381.5671029117,160.62113377938616,1048576
611,long_computation_st,Ring buffer,25,459.6310675836422,457.890726557216,1048576
612,long_computation_st,MRB,25,466.4114905950276,467.3863710213039,1048576
613,long_computation_st,ArrayQueue,25,418.8712724969873,422.23030477275853,1048576
614,long_computation_st,Queue,25,117671.41610179433,154.47625183614488,1048576
615,long_computation_st,Ring buffer,25,462.6579905022525,455.7663436911101,1048576
616,long_computation_st,MRB,25,456.3312286173972,473.3534196821902,1048576
617,long_computation_st,ArrayQueue,25,438.2441040815371,441.9516567617757,1048576
618,long_computation_st,Queue,25,121002.4117511015,170.83050380976005,1048576
619,long_computation_st,Ring buffer,25,454.1143450978758,461.6658451473142,1048576
620,long_computation_mt,MRB,25,80.02001432022296,88.06523664776533,1048576
621,long_computation_mt,ArrayQueue,25,113.4973037058808,96.34156917290832,1048576
622,long_computation_mt,Queue,25,19607.602998478134,51.72749414256038,1048576
623,long_computation_mt,Ring buffer,25,117.79144696966618,123.14186296955857,1048576
624,long_computation_mt,MRB,25,84.1502974707257,90.1181412716336,1048576
625,long_computation_mt,ArrayQueue,25,102.32447631546363,90.73124584901012,1048576
626,long_computation_mt,Queue,25,21554.585690845786,50.88704020886864,1048576
627,long_computation_mt,Ring buffer,25,77.53353698061511,78.31807925320796,1048576
628,long_computation_mt,MRB,25,86.45334278292377,87.35732136561838,1048576
629,long_computation_mt,ArrayQueue,25,103.83677498653375,90.11418853752642,1048576
630,long_computation_mt,Queue,25,21812.64986207198,53.19617624047026,1048576
631,long_computation_mt,Ring buffer,25,92.43589356250573,95.16713808807914,1048576
632,long_computation_mt,MRB,25,99.2284662544416,103.91184995082355,1048576
633,long_computation_mt,ArrayQueue,25,96.27732528211152,85.36276533286224,1048576
634,long_computation_mt,Queue,25,19769.205761678917,47.88655531060101,1048576
635,long_computation_mt,Ring buffer,25,121.33911632023394,129.6506868607746,1048576
636,long_computation_mt,MRB,25,111.6508932321442,108.70601089246895,1048576
637,long_computation_mt,ArrayQueue,25,104.85359863997023,91.79190453392044,1048576
638,long_computation_mt,Queue,25,18964.042856581,51.33728036873161,1048576
639,long_computation_mt,Ring buffer,25,92.72309226006197,98.16298721940271,1048576
640,do_nothing,MRB,1,485.8105358512022,481.8143949842211,4194304
641,do_nothing,ArrayQueue,1,318.10530231282604,321.5490468416231,4194304
642,do_nothing,Queue,1,75891.17491841699,31.339716505892373,4194304
643,do_nothing,Ring buffer,1,499.33109339876114,458.8666060238757,4194304
644,do_nothing,MRB,1,471.32873253950766,462.25352436465937,4194304
645,do_nothing,ArrayQueue,1,279.39332573376123,283.05496443113043,4194304
646,do_nothing,Queue,1,78344.95358679717,36.56224588741589,4194304
647,do_nothing,Ring buffer,1,1021.0394533694935,1016.3609910749839,4194304
648,do_nothing,MRB,1,522.2822216016957,507.90830171698883,4194304
649,do_nothing,ArrayQueue,1,263.45665653791144,265.92197428378,4194304
650,do_nothing,Queue,1,78725.38841506322,32.69105435861958,4194304
651,do_nothing,Ring buffer,1,501.4384427283674,501.8485422086048,4194304
652,do_nothing,MRB,1,581.2455903580235,567.3177220877208,4194304
653,do_nothing,ArrayQueue,1,318.0341628929904,321.86431442226706,4194304
654,do_nothing,Queue,1,74023.66332320971,33.10280363973094,4194304
655,do_nothing,Ring buffer,1,497.9244248816456,498.77781201120996,4194304
656,do_nothing,MRB,1,477.5357704125753,478.67051105402055,4194304
657,do_nothing,ArrayQueue,1,265.44963006541866,268.81913403889087,4194304
658,do_nothing,Queue,1,81491.71416872126,32.249648025637484,4194304
659,do_nothing,Ring buffer,1,506.41366714402267,486.5150453930668,4194304
660,average,MRB,1,508.2872404116576,254.88953255581617,4194304
661,average,ArrayQueue,1,274.37835980031065,277.78710110476527,4194304
662,average,Queue,1,74221.8301383974,34.845963894730666,4194304
663,average,Ring buffer,1,829.0906824061328,281.586284423894,4194304
664,average,MRB,1,502.12855288391,254.48497158515897,4194304
665,average,ArrayQueue,1,306.2283263201878,305.59131173989454,4194304
666,average,Queue,1,77126.95006104776,33.18087881482097,4194304
667,average,Ring buffer,1,505.8973553606728,255.65976948197064,4194304
668,average,MRB,1,502.40694879781176,254.57872434411067,4194304
669,average,ArrayQueue,1,283.19822006516335,286.5237897314315,4194304
670,average,Queue,1,70974.03385338093,32.67600591136652,4194304
671,average,Ring buffer,1,497.30297158642617,241.46626715263272,4194304
672,average,MRB,1,500.69217048233935,253.4583407794928,4194304
673,average,ArrayQueue,1,272.46747662984245,276.0893469015357,4194304
674,average,Queue,1,72171.73321424927,36.229492019682944,4194304
675,average,Ring buffer,1,507.4133964144075,256.40417899178203,4194304
676,average,MRB,1,498.5337540645509,249.95790198201612,4194304
677,average,ArrayQueue,1,268.8459650469609,271.79076989521457,4194304
678,average,Queue,1,78925.0864640516,32.80215865458018,4194304
679,average,Ring buffer,1,512.0071297307021,256.12003550495945,4194304
680,long_computation_st,MRB,1,620.4334710365202,92.0528376998847,4194304
681,long_computation_st,ArrayQueue,1,297.27687460512004,89.80132594232435,4194304
682,long_computation_st,Queue,1,93615.771553056,31.306860167423803,4194304
683,long_computation_st,Ring buffer,1,514.0079113516979,100.70319442343728,4194304
684,long_computation_st,MRB,1,592.7452990152377,103.36733799687154,4194304
685,long_computation_st,ArrayQueue,1,309.20907569107044,99.52407485274313,4194304
686,long_computation_st,Queue,1,73160.08791520773,49.94625063375239,4194304
687,long_computation_st,Ring buffer,1,547.519613283237,103.08185672089307,4194304
688,long_computation_st,MRB,1,507.82092372711344,87.71203619048634,4194304
689,long_computation_st,ArrayQueue,1,293.37549185213425,89.233415817421,4194304
690,long_computation_st,Queue,1,77482.62590134575,32.8090871204441,4194304
691,long_computation_st,Ring buffer,1,504.63477503148596,78.10148781357658,4194304
692,long_computation_st,MRB,1,581.8940352660728,85.44371793493981,4194304
693,long_computation_st,ArrayQueue,1,291.45298973971234,103.99345532936,4194304
694,long_computation_st,Queue,1,76105.30685562169,34.93263024361649,4194304
695,long_computation_st,Ring buffer,1,501.15431514820256,86.27997434080316,4194304
696,long_computation_st,MRB,1,608.3657494096705,84.07227607672405,4194304
697,long_computation_st,ArrayQueue,1,299.26138442054344,97.60264382742191,4194304
698,long_computation_st,Queue,1,73787.80451920402,32.408113184438264,4194304
699,long_computation_st,Ring buffer,1,528.5767991906819,88.57388222797466,4194304
700,long_computation_mt,MRB,1,213.84285740331885,59.8520354393739,4194304
701,long_computation_mt,ArrayQueue,1,136.02801144768097,115.28741773751851,4194304
702,long_computation_mt,Queue,1,28775.791582755224,25.405036609040025,4194304
703,long_computation_mt,Ring buffer,1,217.5823091013524,62.111515874372174,4194304
704,long_computation_mt,MRB,1,223.11453145949355,63.9023979330519,4194304
705,long_computation_mt,ArrayQueue,1,142.77107015256328,99.82147086191532,4194304
706,long_computation_mt,Queue,1,33160.41064968216,25.19225803462085,4194304
707,long_computation_mt,Ring buffer,1,221.6279515340133,60.96345166875732,4194304
708,long_computation_mt,MRB,1,229.85677119795363,63.37499883363359,4194304
709,long_computation_mt,ArrayQueue,1,171.312289893901,83.79970840162201,4194304
710,long_computation_mt,Queue,1,43713.211730723306,27.585915907052232,4194304
711,long_computation_mt,Ring buffer,1,348.2182957761454,95.0707700813887,4194304
712,long_computation_mt,MRB,1,178.73085825788462,68.70839865890325,4194304
713,long_computation_mt,ArrayQueue,1,148.63481706700554,33.36006643604903,4194304
714,long_computation_mt,Queue,1,32371.477800780267,25.8477810776294,4194304
715,long_computation_mt,Ring buffer,1,178.31550949140146,67.12772724097829,4194304
716,long_computation_mt,MRB,1,219.8067996384013,61.200510711366576,4194304
717,long_computation_mt,ArrayQueue,1,158.24601456784018,101.80156068189174,4194304
718,long_computation_mt,Queue,1,37505.26766696179,27.50165363996154,4194304
719,long_computation_mt,Ring buffer,1,195.25324543310833,62.93534372120067,4194304
720,do_nothing,MRB,5,413.1921637206422,414.06710384500025,4194304
721,do_nothing,ArrayQueue,5,267.4375340566643,270.988436102276,4194304
722,do_nothing,Queue,5,77351.95672901777,35.07719118517896,4194304
723,do_nothing,Ring buffer,5,496.61657167409965,496.8691225137538,4194304
724,do_nothing,MRB,5,424.1952487956891,424.96967612363574,4194304
725,do_nothing,ArrayQueue,5,284.120370522056,286.92440548212835,4194304
726,do_nothing,Queue,5,80087.58743917262,32.35040605069261,4194304
727,do_nothing,Ring buffer,5,491.88849745100606,492.241047704592,4194304
728,do_nothing,MRB,5,460.6166606211089,461.922549026745,4194304
729,do_nothing,ArrayQueue,5,286.41045875883765,289.3273207132892,4194304
730,do_nothing,Queue,5,78274.17920493225,34.29853879924972,4194304
731,do_nothing,Ring buffer,5,677.6326158699326,677.8836559347635,4194304
732,do_nothing,MRB,5,537.4427916920805,538.7534703735273,4194304
733,do_nothing,ArrayQueue,5,311.96663896868756,314.71657308495696,4194304
734,do_nothing,Queue,5,75575.90715405262,35.687072137620845,4194304
735,do_nothing,Ring buffer,5,485.97213567664494,486.2963187973298,4194304
736,do_nothing,MRB,5,484.56309253557095,485.65991673217127,4194304
737,do_nothing,ArrayQueue,5,306.25357418587623,309.1160163202408,4194304
738,do_nothing,Queue,5,81423.05396639829,34.78654275416261,4194304
739,do_nothing,Ring buffer,5,774.2757683348976,774.6108492263509,4194304
740,average,MRB,5,466.64076197748426,468.51010341049516,4194304
741,average,ArrayQueue,5,280.2138882460142,282.7472842851668,4194304
742,average,Queue,5,72723.1643211291,32.80783246116388,4194304
743,average,Ring buffer,5,498.73118508384965,498.95977044190596,4194304
744,average,MRB,5,511.53281278594443,512.4762945004395,4194304
745,average,ArrayQueue,5,266.66282805784255,268.8984725335333,4194304
746,average,Queue,5,61889.2682786992,33.43038385954144,4194304
747,average,Ring buffer,5,487.0596823038146,487.3636155883794,4194304
748,average,MRB,5,411.40173543360896,412.4608627120143,4194304
749,average,ArrayQueue,5,281.13232663586155,283.1051055323199,4194304
750,average,Queue,5,77872.62821389959,32.4982977988388,4194304
751,average,Ring buffer,5,475.5380336247398,475.99791255507307,4194304
752,average,MRB,5,424.9183004423034,426.0747742187498,4194304
753,average,ArrayQueue,5,280.93712418612915,283.1297714516653,4194304
754,average,Queue,5,61436.2537066775,34.60721835169835,4194304
755,average,Ring buffer,5,497.3777308146078,497.9012036882384,4194304
756,average,MRB,5,490.24808648636355,491.15614609339104,4194304
757,average,ArrayQueue,5,223.46623938038616,225.21856392676088,4194304
758,average,Queue,5,74334.78277844992,34.409898395675924,4194304
759,average,Ring buffer,5,503.5885787805958,503.8640683520297,4194304
760,long_computation_st,MRB,5,386.93365029780875,335.22646567890547,4194304
761,long_computation_st,ArrayQueue,5,261.9176080769876,264.34865622666433,4194304
762,long_computation_st,Queue,5,72937.48493550948,34.24646099281089,4194304
763,long_computation_st,Ring buffer,5,455.83462585225675,367.7451796759263,4194304
764,long_computation_st,MRB,5,452.9388548495729,396.8961518396749,4194304
765,long_computation_st,ArrayQueue,5,287.7113342861364,290.32544992764736,4194304
766,long_computation_st,Queue,5,77230.94942483581,36.23407555722624,4194304
767,long_computation_st,Ring buffer,5,491.005432687691,322.22249141047865,4194304
768,long_computation_st,MRB,5,427.21179646116593,366.1080206551495,4194304
769,long_computation_st,ArrayQueue,5,247.26865136419454,249.63844704717383,4194304
770,long_computation_st,Queue,5,81486.65395592971,44.23047062073402,4194304
771,long_computation_st,Ring buffer,5,484.45561418832045,381.50063389388305,4194304
772,long_computation_st,MRB,5,474.0811578572989,322.0349352956033,4194304
773,long_computation_st,ArrayQueue,5,250.66448719488068,253.51859762651927,4194304
774,long_computation_st,Queue,5,83971.80892862608,31.883149412364048,4194304
775,long_computation_st,Ring buffer,5,477.1156329816849,320.03442014286725,4194304
776,long_computation_st,MRB,5,541.5260202344126,390.5372102114841,4194304
777,long_computation_st,ArrayQueue,5,299.8786967074736,302.44710841127966,4194304
778,long_computation_st,Queue,5,81113.31575910245,39.39131139329601,4194304
779,long_computation_st,Ring buffer,5,400.7212169774882,360.5336720902905,4194304
780,long_computation_mt,MRB,5,77.90836727180071,88.38825692561801,4194304
781,long_computation_mt,ArrayQueue,5,75.3439991616491,75.79494601231139,4194304
782,long_computation_mt,Queue,5,28701.815065947612,24.87059477520502,4194304
783,long_computation_mt,Ring buffer,5,126.16661104047984,120.27384079947133,4194304
784,long_computation_mt,MRB,5,89.30104684056116,89.00590374863968,4194304
785,long_computation_mt,ArrayQueue,5,76.65348658477502,76.25761854624405,4194304
786,long_computation_mt,Queue,5,25721.926166027108,25.362923476593963,4194304
787,long_computation_mt,Ring buffer,5,163.52841754410048,132.2203014163976,4194304
788,long_computation_mt,MRB,5,91.25633015053178,91.86355533994795,4194304
789,long_computation_mt,ArrayQueue,5,106.94667275180221,94.6201182467479,4194304
790,long_computation_mt,Queue,5,26054.923352911133,23.851922306933396,4194304
791,long_computation_mt,Ring buffer,5,103.73299902856547,102.5574685996375,4194304
792,long_computation_mt,MRB,5,81.89379441506158,83.03115084992274,4194304
793,long_computation_mt,ArrayQueue,5,80.69778517675945,80.29740470735761,4194304
794,long_computation_mt,Queue,5,48051.39618652571,27.124082954691357,4194304
795,long_computation_mt,Ring buffer,5,73.78542920848219,75.18787668447483,4194304
796,long_computation_mt,MRB,5,112.3753439922099,107.06086236264397,4194304
797,long_computation_mt,ArrayQueue,5,83.4528416293553,89.65412804303848,4194304
798,long_computation_mt,Queue,5,28563.67373184539,25.659270783571287,4194304
799,long_computation_mt,Ring buffer,5,96.32518506362575,95.28454569114119,4194304
800,do_nothing,MRB,10,425.7388121707482,426.4602654944946,4194304
801,do_nothing,ArrayQueue,10,324.276943905494,326.79560356986116,4194304
802,do_nothing,Queue,10,77312.57338120206,34.99478400062849,4194304
803,do_nothing,Ring buffer,10,482.0725572898314,482.1935467652323,4194304
804,do_nothing,MRB,10,401.4286798018811,402.15204687190123,4194304
805,do_nothing,ArrayQueue,10,288.4746499511427,290.5726574406252,4194304
806,do_nothing,Queue,10,68431.29556752647,36.226889226350465,4194304
807,do_nothing,Ring buffer,10,507.5593434217172,507.8534386863272,4194304
808,do_nothing,MRB,10,329.9868488645604,330.4564066282966,4194304
809,do_nothing,ArrayQueue,10,311.5227089554704,313.7078201432289,4194304
810,do_nothing,Queue,10,76197.48049399247,38.21842952060703,4194304
811,do_nothing,Ring buffer,10,482.74649312956086,483.01747364959067,4194304
812,do_nothing,MRB,10,453.8053064569483,454.4368099445966,4194304
813,do_nothing,ArrayQueue,10,313.9962142632998,316.47153750571266,4194304
814,do_nothing,Queue,10,67938.49439249015,40.76328632346916,4194304
815,do_nothing,Ring buffer,10,498.6970709767578,498.84798790583494,4194304
816,do_nothing,MRB,10,444.0668986025671,444.7784079446831,4194304
817,do_nothing,ArrayQueue,10,287.2904109606909,290.22408768705156,4194304
818,do_nothing,Queue,10,82700.14548354926,39.184309727508385,4194304
819,do_nothing,Ring buffer,10,468.7191901522186,468.88828407949586,4194304
820,average,MRB,10,418.89725885053485,419.67486980804466,4194304
821,average,ArrayQueue,10,283.02018083399855,285.7147663155558,4194304
822,average,Queue,10,75805.2412005012,33.756486195126804,4194304
823,average,Ring buffer,10,457.85686074301736,458.0607147907555,4194304
824,average,MRB,10,361.83109761632693,362.457908516898,4194304
825,average,ArrayQueue,10,288.55349692797535,291.2335442004048,4194304
826,average,Queue,10,67750.17721117045,34.08174791007398,4194304
827,average,Ring buffer,10,457.8236654617457,458.2724783117386,4194304
828,average,MRB,10,400.7182799614989,401.9153987233627,4194304
829,average,ArrayQueue,10,287.0790830557544,289.20844970995995,4194304
830,average,Queue,10,74412.79832924105,35.32322392743856,4194304
831,average,Ring buffer,10,483.62088732255967,483.98469676953846,4194304
832,average,MRB,10,391.0882797820608,391.55924121832487,4194304
833,average,ArrayQueue,10,272.3867044708264,274.7665511843822,4194304
834,average,Queue,10,57711.97869098997,36.307444125360476,4194304
835,average,Ring buffer,10,426.59814653506527,426.75126496375884,4194304
836,average,MRB,10,380.7603590910116,381.3303636110634,4194304
837,average,ArrayQueue,10,244.5670610550136,246.3185034621371,4194304
838,average,Queue,10,71804.43745400221,38.4888206285734,4194304
839,average,Ring buffer,10,466.92741902936075,467.18852698637164,4194304
840,long_computation_st,MRB,10,394.7957208280318,395.6245525594776,4194304
841,long_computation_st,ArrayQueue,10,245.9626775567336,248.30983222908048,4194304
842,long_computation_st,Queue,10,69541.07573601871,36.13534129132867,4194304
843,long_computation_st,Ring buffer,10,421.07685250586036,421.4638161304386,4194304
844,long_computation_st,MRB,10,366.703103385368,367.56261395148846,4194304
845,long_computation_st,ArrayQueue,10,275.04002327558595,277.5934795099168,4194304
846,long_computation_st,Queue,10,67717.01964384549,33.84252344320442,4194304
847,long_computation_st,Ring buffer,10,408.763183825387,409.1185509423058,4194304
848,long_computation_st,MRB,10,366.36066375077655,367.11751453690295,4194304
849,long_computation_st,ArrayQueue,10,269.97433774133043,272.06113453322183,4194304
850,long_computation_st,Queue,10,73898.5240563896,36.47135018187242,4194304
851,long_computation_st,Ring buffer,10,412.0157087954187,412.3654684690524,4194304
852,long_computation_st,MRB,10,367.2553576467241,368.02298407913116,4194304
853,long_computation_st,ArrayQueue,10,263.4244889875128,265.9742891293537,4194304
854,long_computation_st,Queue,10,71593.99990257205,33.19545381230218,4194304
855,long_computation_st,Ring buffer,10,400.67153580788533,400.96143886884045,4194304
856,long_computation_st,MRB,10,443.1999903669853,429.294615600855,4194304
857,long_computation_st,ArrayQueue,10,256.9500971392432,259.19385525657196,4194304
858,long_computation_st,Queue,10,96009.34013343151,37.35873448115486,4194304
859,long_computation_st,Ring buffer,10,425.9102217623676,426.0883494719589,4194304
860,long_computation_mt,MRB,10,76.5699019523185,80.43289342830377,4194304
861,long_computation_mt,ArrayQueue,10,70.07692213866027,69.17524403734767,4194304
862,long_computation_mt,Queue,10,37370.18621588498,25.54946197962255,4194304
863,long_computation_mt,Ring buffer,10,70.52577104860866,70.70126416600739,4194304
864,long_computation_mt,MRB,10,72.76213945799485,73.13089169462549,4194304
865,long_computation_mt,ArrayQueue,10,65.76995205424772,66.05686521901771,4194304
866,long_computation_mt,Queue,10,28045.75152580398,33.133365469128194,4194304
867,long_computation_mt,Ring buffer,10,58.03239729732997,63.96430584238231,4194304
868,long_computation_mt,MRB,10,59.3252763635944,63.071941503386135,4194304
869,long_computation_mt,ArrayQueue,10,76.24238434121308,75.57590132574545,4194304
870,long_computation_mt,Queue,10,32563.669493098954,34.31168855384271,4194304
871,long_computation_mt,Ring buffer,10,53.587563748589254,52.79526046146974,4194304
872,long_computation_mt,MRB,10,70.7317100655737,76.54939064177364,4194304
873,long_computation_mt,ArrayQueue,10,59.266729024352415,58.679410651649704,4194304
874,long_computation_mt,Queue,10,31395.75298638574,30.21048063081258,4194304
875,long_computation_mt,Ring buffer,10,65.87132803850608,73.0375445135217,4194304
876,long_computation_mt,MRB,10,73.54367527236464,78.43926728865326,4194304
877,long_computation_mt,ArrayQueue,10,68.92716019741057,67.94685844437765,4194304
878,long_computation_mt,Queue,10,41617.89147408613,26.175877315535704,4194304
879,long_computation_mt,Ring buffer,10,67.42631930219407,73.34905552850984,4194304
880,do_nothing,MRB,25,383.07428415218186,383.93191148923825,4194304
881,do_nothing,ArrayQueue,25,314.3984759294746,316.89413463964064,4194304
882,do_nothing,Queue,25,72875.11796218075,35.18975822066522,4194304
883,do_nothing,Ring buffer,25,440.23615127282005,440.44170704433475,4194304
884,do_nothing,MRB,25,351.70570194413136,352.79032315827766,4194304
885,do_nothing,ArrayQueue,25,313.634766618187,316.3839508602046,4194304
886,do_nothing,Queue,25,84763.7520801359,33.26239003453375,4194304
887,do_nothing,Ring buffer,25,452.82874063726166,452.9633467381232,4194304
888,do_nothing,MRB,25,356.1652977711815,356.9005341632612,4194304
889,do_nothing,ArrayQueue,25,296.6247379165752,298.9896977862913,4194304
890,do_nothing,Queue,25,86735.34473168153,33.4809641275229,4194304
891,do_nothing,Ring buffer,25,441.8275765989165,441.97257706911216,4194304
892,do_nothing,MRB,25,331.12641428441657,331.4314360049589,4194304
893,do_nothing,ArrayQueue,25,287.3463554703283,289.72774974000873,4194304
894,do_nothing,Queue,25,91342.30209005749,36.640237770160006,4194304
895,do_nothing,Ring buffer,25,446.27019711468716,446.4920150024945,4194304
896,do_nothing,MRB,25,337.3878925449366,337.9127117287652,4194304
897,do_nothing,ArrayQueue,25,293.7603350574928,295.81490127772537,4194304
898,do_nothing,Queue,25,76753.39801440189,33.76379270573024,4194304
899,do_nothing,Ring buffer,25,424.41185620334977,424.51111840361347,4194304
900,average,MRB,25,354.7590948871022,354.9694285107368,4194304
901,average,ArrayQueue,25,299.4059256582677,301.61793740846605,4194304
902,average,Queue,25,77460.55856319425,36.32907416530875,4194304
903,average,Ring buffer,25,422.68506806154693,423.0815973711686,4194304
904,average,MRB,25,352.81343258629175,353.4581733229816,4194304
905,average,ArrayQueue,25,294.95363855914337,297.27418838820824,4194304
906,average,Queue,25,76510.35707109269,37.00660105227148,4194304
907,average,Ring buffer,25,426.2554625205617,426.337691610852,4194304
908,average,MRB,25,333.2452708171872,332.2170241469154,4194304
909,average,ArrayQueue,25,300.9938512001166,303.8819669778034,4194304
910,average,Queue,25,78584.42974198483,35.1977635003722,4194304
911,average,Ring buffer,25,428.66308604279186,428.76229144150125,4194304
912,average,MRB,25,340.7453673327327,341.4046210861651,4194304
913,average,ArrayQueue,25,296.8720260748234,299.6143688949627,4194304
914,average,Queue,25,80195.77773041667,34.687167422388065,4194304
915,average,Ring buffer,25,427.16954146726675,427.24348003816294,4194304
916,average,MRB,25,352.3421112713123,353.01373550090057,4194304
917,average,ArrayQueue,25,298.70063246982556,300.84218224523136,4194304
918,average,Queue,25,81283.87630477801,36.268609758291376,4194304
919,average,Ring buffer,25,431.4377507832639,431.888286087118,4194304
920,long_computation_st,MRB,25,307.17525368731066,306.1707524793426,4194304
921,long_computation_st,ArrayQueue,25,275.53801471292246,278.1721956645092,4194304
922,long_computation_st,Queue,25,83566.43940300596,33.48342699240206,4194304
923,long_computation_st,Ring buffer,25,384.8730028660864,385.1971314439086,4194304
924,long_computation_st,MRB,25,355.2699694976197,353.8419148437215,4194304
925,long_computation_st,ArrayQueue,25,284.27272882254397,286.2143987173385,4194304
926,long_computation_st,Queue,25,79975.86594213657,38.29376903500761,4194304
927,long_computation_st,Ring buffer,25,378.260720840631,371.5403273259164,4194304
928,long_computation_st,MRB,25,321.56862508525745,322.12858687060935,4194304
929,long_computation_st,ArrayQueue,25,270.9464522461916,273.120280586221,4194304
930,long_computation_st,Queue,25,73074.79630232704,35.88278939205436,4194304
931,long_computation_st,Ring buffer,25,382.6761423493432,383.0438697868905,4194304
932,long_computation_st,MRB,25,343.2559130956303,335.1826589735937,4194304
933,long_computation_st,ArrayQueue,25,274.55038257353556,277.00742181306555,4194304
934,long_computation_st,Queue,25,71088.96371545133,36.52076011288152,4194304
935,long_computation_st,Ring buffer,25,399.95655696923063,400.18153461946747,4194304
936,long_computation_st,MRB,25,332.3030833986931,327.7067802187842,4194304
937,long_computation_st,ArrayQueue,25,274.9279315907572,277.07932787663907,4194304
938,long_computation_st,Queue,25,84069.41053466217,34.035256803257525,4194304
939,long_computation_st,Ring buffer,25,384.04557852937705,384.2377319261103,4194304
940,long_computation_mt,MRB,25,60.00605186947251,69.04062555751835,4194304
941,long_computation_mt,ArrayQueue,25,58.98747693196119,57.332321402368606,4194304
942,long_computation_mt,Queue,25,36530.723515114936,29.856953683871136,4194304
943,long_computation_mt,Ring buffer,25,59.63289151526762,61.52228588722471,4194304
944,long_computation_mt,MRB,25,53.6966703198714,56.31139722490315,4194304
945,long_computation_mt,ArrayQueue,25,63.670783617446375,59.21280227573007,4194304
946,long_computation_mt,Queue,25,29399.809002010123,30.108010351667158,4194304
947,long_computation_mt,Ring buffer,25,58.74513832591109,61.44001667668722,4194304
948,long_computation_mt,MRB,25,49.108479992494935,54.127681460703485,4194304
949,long_computation_mt,ArrayQueue,25,59.53503229088089,57.55473378111075,4194304
950,long_computation_mt,Queue,25,41909.02955707499,30.373616220032908,4194304
951,long_computation_mt,Ring buffer,25,53.50505796382853,61.934781692796655,4194304
952,long_computation_mt,MRB,25,53.75900082784143,59.68708570615573,4194304
953,long_computation_mt,ArrayQueue,25,67.52247487923026,62.53348306540241,4194304
954,long_computation_mt,Queue,25,37268.49984188708,28.418832911071036,4194304
955,long_computation_mt,Ring buffer,25,64.40852720714886,73.10060097386636,4194304
956,long_computation_mt,MRB,25,54.1084178939702,59.887314306865534,4194304
957,long_computation_mt,ArrayQueue,25,65.3130230833925,61.87396046078984,4194304
958,long_computation_mt,Queue,25,30488.91907032385,28.269239051596102,4194304
959,long_computation_mt,Ring buffer,25,61.561005157090726,70.63574923907824,4194304
960,do_nothing,MRB,1,143.321620336168,143.77059950099434,16777216
961,do_nothing,ArrayQueue,1,106.1147651461747,107.20310982140919,16777216
962,do_nothing,Queue,1,48245.03244488863,20.64896693721854,16777216
963,do_nothing,Ring buffer,1,156.50772896074446,156.64954540356973,16777216
964,do_nothing,MRB,1,132.98835107494253,128.2719820327114,16777216
965,do_nothing,ArrayQueue,1,107.41899683820235,108.65615898735057,16777216
966,do_nothing,Queue,1,40625.673199488614,20.02972786812241,16777216
967,do_nothing,Ring buffer,1,132.60979445924335,132.89897051879967,16777216
968,do_nothing,MRB,1,135.94139628057513,136.40257793283277,16777216
969,do_nothing,ArrayQueue,1,109.06817871297262,110.16100669569548,16777216
970,do_nothing,Queue,1,36827.8688909253,21.503402459963915,16777216
971,do_nothing,Ring buffer,1,161.95526168133586,162.09539700303472,16777216
972,do_nothing,MRB,1,153.422543877598,153.79315335359058,16777216
973,do_nothing,ArrayQueue,1,110.26623739832341,111.44870761255937,16777216
974,do_nothing,Queue,1,38910.02227244013,21.7123826844996,16777216
975,do_nothing,Ring buffer,1,134.05439947104446,134.1958411744423,16777216
976,do_nothing,MRB,1,167.4677003681059,167.94531465357613,16777216
977,do_nothing,ArrayQueue,1,120.83191730686706,122.21889828827854,16777216
978,do_nothing,Queue,1,40438.29586635631,21.07699464651383,16777216
979,do_nothing,Ring buffer,1,125.51478452437193,125.61544157097164,16777216
980,average,MRB,1,132.21192469449898,132.5298146957292,16777216
981,average,ArrayQueue,1,107.8508373930653,109.2524046745479,16777216
982,average,Queue,1,39152.632362864846,20.999363638652717,16777216
983,average,Ring buffer,1,130.85376588452814,131.0296767106498,16777216
984,average,MRB,1,158.04661618538762,153.2416987347453,16777216
985,average,ArrayQueue,1,125.05349826965549,127.05433583936355,16777216
986,average,Queue,1,40791.08717854581,19.68613682949237,16777216
987,average,Ring buffer,1,155.54082298788657,155.56181244321428,16777216
988,average,MRB,1,126.21829636740095,126.66337707689891,16777216
989,average,ArrayQueue,1,108.33284294136881,109.90673555596538,16777216
990,average,Queue,1,54631.845103653824,21.71766875641167,16777216
991,average,Ring buffer,1,134.3982332271136,134.685391370467,16777216
992,average,MRB,1,143.1330011662322,143.01587387282433,16777216
993,average,ArrayQueue,1,111.32055240192832,112.98005048602636,16777216
994,average,Queue,1,42686.60905660999,21.72369135739701,16777216
995,average,Ring buffer,1,131.60298495075224,131.67737483612433,16777216
996,average,MRB,1,127.84588493961817,128.69006123808387,16777216
997,average,ArrayQueue,1,108.79889748646035,110.32722688161154,16777216
998,average,Queue,1,43296.46330860147,22.568853213835474,16777216
999,average,Ring buffer,1,132.05265798573166,132.1812465622458,16777216
1000,long_computation_st,MRB,1,148.29830107682116,77.10886265444078,16777216
1001,long_computation_st,ArrayQueue,1,129.80795824457402,89.23656639615471,16777216
1002,long_computation_st,Queue,1,40098.481900166196,20.349764799307387,16777216
1003,long_computation_st,Ring buffer,1,132.9863770847658,69.30528956942373,16777216
1004,long_computation_st,MRB,1,130.9913395881846,68.26312051007169,16777216
1005,long_computation_st,ArrayQueue,1,114.67578844810639,87.24731940409454,16777216
1006,long_computation_st,Queue,1,44185.82859018294,20.817932988707454,16777216
1007,long_computation_st,Ring buffer,1,133.05078117666855,69.33849445983135,16777216
1008,long_computation_st,MRB,1,131.4772703400982,68.5368362319818,16777216
1009,long_computation_st,ArrayQueue,1,132.09838607698615,89.25324338456663,16777216
1010,long_computation_st,Queue,1,35013.0217750547,23.183116154730445,16777216
1011,long_computation_st,Ring buffer,1,133.23299111263682,69.48640550567403,16777216
1012,long_computation_st,MRB,1,156.06901141528328,80.9468838900113,16777216
1013,long_computation_st,ArrayQueue,1,112.87591509328978,102.11525472401102,16777216
1014,long_computation_st,Queue,1,43213.16334776565,21.239528837496298,16777216
1015,long_computation_st,Ring buffer,1,134.72212504535972,69.76828703704803,16777216
1016,long_computation_st,MRB,1,133.44750492972005,69.28495280682822,16777216
1017,long_computation_st,ArrayQueue,1,110.55202483320748,100.93894659433344,16777216
1018,long_computation_st,Queue,1,48378.44002465026,21.503848109959577,16777216
1019,long_computation_st,Ring buffer,1,131.41089702531144,68.38465218073843,16777216
1020,long_computation_mt,MRB,1,80.92411399302435,64.54264248396483,16777216
1021,long_computation_mt,ArrayQueue,1,58.07487759831955,42.631282445095444,16777216
1022,long_computation_mt,Queue,1,44373.245428649214,14.717148072814533,16777216
1023,long_computation_mt,Ring buffer,1,68.15777063840395,46.90324632398195,16777216
1024,long_computation_mt,MRB,1,64.89339340941002,49.93688289595913,16777216
1025,long_computation_mt,ArrayQueue,1,70.6962678407088,73.15997168664606,16777216
1026,long_computation_mt,Queue,1,41331.68351067705,14.279220205547665,16777216
1027,long_computation_mt,Ring buffer,1,64.9985965947023,50.368482444978426,16777216
1028,long_computation_mt,MRB,1,57.14199629445635,46.68602409693297,16777216
1029,long_computation_mt,ArrayQueue,1,65.87057120735167,68.58498560288523,16777216
1030,long_computation_mt,Queue,1,45700.277320601446,14.668076993940549,16777216
1031,long_computation_mt,Ring buffer,1,67.71106962778366,48.25658469763621,16777216
1032,long_computation_mt,MRB,1,69.65243827068497,44.30592666557672,16777216
1033,long_computation_mt,ArrayQueue,1,62.55310370146331,62.93647360120992,16777216
1034,long_computation_mt,Queue,1,40254.370111696335,14.35992040070013,16777216
1035,long_computation_mt,Ring buffer,1,68.44343262102849,47.55717855110846,16777216
1036,long_computation_mt,MRB,1,68.79730779862929,49.2352892719649,16777216
1037,long_computation_mt,ArrayQueue,1,59.06919005016408,60.359658116715934,16777216
1038,long_computation_mt,Queue,1,53202.901085251215,14.542734304212088,16777216
1039,long_computation_mt,Ring buffer,1,64.77557657216278,49.74688541007834,16777216
1040,do_nothing,MRB,5,123.06942779670749,123.38297362613557,16777216
1041,do_nothing,ArrayQueue,5,131.06464265300653,132.04548405433033,16777216
1042,do_nothing,Queue,5,46757.29242495176,14.07526872313589,16777216
1043,do_nothing,Ring buffer,5,130.41998604000563,130.54173189983436,16777216
1044,do_nothing,MRB,5,151.12324327734984,151.39771154930924,16777216
1045,do_nothing,ArrayQueue,5,112.00081835065915,113.15250295062756,16777216
1046,do_nothing,Queue,5,48108.50742299141,14.611508809037007,16777216
1047,do_nothing,Ring buffer,5,163.26331937995474,163.41595386793372,16777216
1048,do_nothing,MRB,5,140.65691291132026,141.08962867664468,16777216
1049,do_nothing,ArrayQueue,5,110.24803499028772,111.42364448321035,16777216
1050,do_nothing,Queue,5,46232.29822635161,14.928354850704757,16777216
1051,do_nothing,Ring buffer,5,134.89611048728617,134.96180161074673,16777216
1052,do_nothing,MRB,5,136.21584349944868,136.46307636890688,16777216
1053,do_nothing,ArrayQueue,5,131.56081007857162,132.794594228598,16777216
1054,do_nothing,Queue,5,54540.7429896944,16.91784705754331,16777216
1055,do_nothing,Ring buffer,5,157.79431711051052,157.9231457105886,16777216
1056,do_nothing,MRB,5,124.53635901481566,124.95296057856812,16777216
1057,do_nothing,ArrayQueue,5,128.33219873061176,129.69535504993132,16777216
1058,do_nothing,Queue,5,47536.80929760311,15.140840718027636,16777216
1059,do_nothing,Ring buffer,5,164.35803748159054,164.5841544804768,16777216
1060,average,MRB,5,146.63963748259513,147.14449865954452,16777216
1061,average,ArrayQueue,5,130.39415667293144,131.5818378598933,16777216
1062,average,Queue,5,64598.96855713793,16.181580223883824,16777216
1063,average,Ring buffer,5,131.48025131628438,131.66474917188097,16777216
1064,average,MRB,5,148.15234460486096,148.4596928656123,16777216
1065,average,ArrayQueue,5,131.20607813305625,132.13602534408324,16777216
1066,average,Queue,5,54331.698867600484,13.924687090162356,16777216
1067,average,Ring buffer,5,130.6638655463003,130.76276871837894,16777216
1068,average,MRB,5,151.62648755993163,151.98272468381703,16777216
1069,average,ArrayQueue,5,122.25152899009655,123.35540887489569,16777216
1070,average,Queue,5,53177.649370997744,16.845927180946525,16777216
1071,average,Ring buffer,5,133.34039818260777,133.53892237198608,16777216
1072,average,MRB,5,121.88855987030732,122.24113642373375,16777216
1073,average,ArrayQueue,5,109.43794492575235,110.5720536115752,16777216
1074,average,Queue,5,41716.55694035828,15.150969389420368,16777216
1075,average,Ring buffer,5,130.7262167097265,130.82450788239774,16777216
1076,average,MRB,5,146.93269432413422,147.26268854975044,16777216
1077,average,ArrayQueue,5,109.80755654717679,110.88652250490183,16777216
1078,average,Queue,5,48260.081659284195,15.521586105536976,16777216
1079,average,Ring buffer,5,131.79040571796622,131.88198722536944,16777216
1080,long_computation_st,MRB,5,113.61676163416061,113.87830092339121,16777216
1081,long_computation_st,ArrayQueue,5,115.26380815162032,116.07966985193461,16777216
1082,long_computation_st,Queue,5,40918.21328700088,14.873234898698742,16777216
1083,long_computation_st,Ring buffer,5,114.80524656365864,114.9184090620524,16777216
1084,long_computation_st,MRB,5,125.59302075877638,125.92186409677454,16777216
1085,long_computation_st,ArrayQueue,5,109.80777231649195,110.8084379778416,16777216
1086,long_computation_st,Queue,5,58279.736962566065,15.554646684854829,16777216
1087,long_computation_st,Ring buffer,5,132.3495931314734,132.47672996073476,16777216
1088,long_computation_st,MRB,5,145.69585282041308,146.07662419360315,16777216
1089,long_computation_st,ArrayQueue,5,120.23486501843475,121.33860142749383,16777216
1090,long_computation_st,Queue,5,45350.174581445455,16.909886277885015,16777216
1091,long_computation_st,Ring buffer,5,133.356787160873,133.46151707826112,16777216
1092,long_computation_st,MRB,5,110.42785139953146,110.78272987031396,16777216
1093,long_computation_st,ArrayQueue,5,111.48051497599042,112.39799951020792,16777216
1094,long_computation_st,Queue,5,47212.06618257931,16.01979953386355,16777216
1095,long_computation_st,Ring buffer,5,124.61925234567244,124.76179140318385,16777216
1096,long_computation_st,MRB,5,106.7808222186155,107.04134701614659,16777216
1097,long_computation_st,ArrayQueue,5,103.12110157550987,104.01652431438796,16777216
1098,long_computation_st,Queue,5,42383.720117857665,16.279854458963943,16777216
1099,long_computation_st,Ring buffer,5,112.95336794016261,113.0518157039938,16777216
1100,long_computation_mt,MRB,5,38.35658710723572,37.63595296639891,16777216
1101,long_computation_mt,ArrayQueue,5,30.82274515739051,30.93754788410484,16777216
1102,long_computation_mt,Queue,5,29058.5175631302,14.03752304565387,16777216
1103,long_computation_mt,Ring buffer,5,32.80032660973449,33.820085668346685,16777216
1104,long_computation_mt,MRB,5,41.669026183853376,41.1865129378035,16777216
1105,long_computation_mt,ArrayQueue,5,36.664684500883865,36.885553763287184,16777216
1106,long_computation_mt,Queue,5,38855.564372487024,14.63553938048643,16777216
1107,long_computation_mt,Ring buffer,5,32.77375272405211,32.17623693914966,16777216
1108,long_computation_mt,MRB,5,38.409632246858685,39.41417179272943,16777216
1109,long_computation_mt,ArrayQueue,5,34.64517605365183,34.19510772185847,16777216
1110,long_computation_mt,Queue,5,41461.19143891583,14.299626085735678,16777216
1111,long_computation_mt,Ring buffer,5,40.367138451673576,44.57344685586553,16777216
1112,long_computation_mt,MRB,5,44.97114491159284,44.229662992895,16777216
1113,long_computation_mt,ArrayQueue,5,34.74235244105082,34.843459079963516,16777216
1114,long_computation_mt,Queue,5,36434.704886476546,14.325341236312378,16777216
1115,long_computation_mt,Ring buffer,5,32.973548261335594,32.99798252760807,16777216
1116,long_computation_mt,MRB,5,35.82309911132253,35.59503665612245,16777216
1117,long_computation_mt,ArrayQueue,5,36.02897917286009,36.24524230042778,16777216
1118,long_computation_mt,Queue,5,38236.085831019525,12.7294940633989,16777216
1119,long_computation_mt,Ring buffer,5,42.6814469080705,45.318917783271715,16777216
1120,do_nothing,MRB,10,118.64085895612678,118.77441716955113,16777216
1121,do_nothing,ArrayQueue,10,103.12512162314098,104.21476561904973,16777216
1122,do_nothing,Queue,10,47975.04036530718,15.385947469775822,16777216
1123,do_nothing,Ring buffer,10,124.3090521576294,124.38729031205808,16777216
1124,do_nothing,MRB,10,123.13636518779721,123.37617365082106,16777216
1125,do_nothing,ArrayQueue,10,111.40620488214782,112.18758326583921,16777216
1126,do_nothing,Queue,10,53457.2756399414,15.270940750730711,16777216
1127,do_nothing,Ring buffer,10,126.52665626642693,126.6237249899256,16777216
1128,do_nothing,MRB,10,116.10141978704642,116.44032795524525,16777216
1129,do_nothing,ArrayQueue,10,110.995966143992,111.86884848597472,16777216
1130,do_nothing,Queue,10,46370.18009801892,15.368217259912518,16777216
1131,do_nothing,Ring buffer,10,121.68375378341611,121.80013220306866,16777216
1132,do_nothing,MRB,10,120.38132576694858,120.67860037685678,16777216
1133,do_nothing,ArrayQueue,10,111.172860852641,112.38566245332586,16777216
1134,do_nothing,Queue,10,64588.79725694606,15.266949020878583,16777216
1135,do_nothing,Ring buffer,10,128.27630376918276,128.28363983338863,16777216
1136,do_nothing,MRB,10,141.29305599473523,141.6028868576406,16777216
1137,do_nothing,ArrayQueue,10,122.09762014457753,123.37918509541618,16777216
1138,do_nothing,Queue,10,43045.04245331296,14.82632042778268,16777216
1139,do_nothing,Ring buffer,10,128.4823405586329,128.52936439709808,16777216
1140,average,MRB,10,117.1896379640783,117.29080506820296,16777216
1141,average,ArrayQueue,10,98.14317545983258,99.07501033250776,16777216
1142,average,Queue,10,50411.01028668788,13.96502002143912,16777216
1143,average,Ring buffer,10,125.05574243721095,125.12672649734618,16777216
1144,average,MRB,10,120.4348760599441,120.66329806847034,16777216
1145,average,ArrayQueue,10,118.44524588601344,120.0629256888147,16777216
1146,average,Queue,10,62520.39695390294,13.74209036210879,16777216
1147,average,Ring buffer,10,126.51221827488004,126.5658804582233,16777216
1148,average,MRB,10,120.58559526744718,120.7441087952539,16777216
1149,average,ArrayQueue,10,115.29480545193015,116.22188710208513,16777216
1150,average,Queue,10,43945.26829945023,15.120434973903516,16777216
1151,average,Ring buffer,10,127.81597631376165,127.87220230818568,16777216
1152,average,MRB,10,118.42157229772297,118.7039047129963,16777216
1153,average,ArrayQueue,10,107.81723628247097,108.89861811473118,16777216
1154,average,Queue,10,57048.31529215448,16.27062300263678,16777216
1155,average,Ring buffer,10,125.75531765497105,125.81543726403095,16777216
1156,average,MRB,10,133.16895906406782,133.34225754829853,16777216
1157,average,ArrayQueue,10,119.5067775261197,120.86445190944677,16777216
1158,average,Queue,10,40890.79851151168,14.511558535093469,16777216
1159,average,Ring buffer,10,116.69392771609917,116.74023909329895,16777216
1160,long_computation_st,MRB,10,113.71280499356791,113.88465548917083,16777216
1161,long_computation_st,ArrayQueue,10,111.10339784062525,112.26367354136825,16777216
1162,long_computation_st,Queue,10,53480.63370188546,15.210237974041787,16777216
1163,long_computation_st,Ring buffer,10,120.47219502305236,120.62305910163226,16777216
1164,long_computation_st,MRB,10,110.46909914791968,110.67642161599187,16777216
1165,long_computation_st,ArrayQueue,10,113.87685738919376,114.9036627320162,16777216
1166,long_computation_st,Queue,10,53173.01794134079,15.94188755798581,16777216
1167,long_computation_st,Ring buffer,10,116.016372915186,116.0999830274248,16777216
1168,long_computation_st,MRB,10,117.88196329530697,118.34056653410681,16777216
1169,long_computation_st,ArrayQueue,10,111.12344866474135,112.13988860380843,16777216
1170,long_computation_st,Queue,10,48555.7803372809,16.507647509010614,16777216
1171,long_computation_st,Ring buffer,10,117.7728052497163,117.82797400369114,16777216
1172,long_computation_st,MRB,10,108.97704822100317,108.64933209297602,16777216
1173,long_computation_st,ArrayQueue,10,108.24561319355945,109.22043051479532,16777216
1174,long_computation_st,Queue,10,45626.287827298336,15.043690918617337,16777216
1175,long_computation_st,Ring buffer,10,122.78797570652135,122.94551401203327,16777216
1176,long_computation_st,MRB,10,111.6225601238902,111.9466390558745,16777216
1177,long_computation_st,ArrayQueue,10,105.79496586869534,106.87501356476959,16777216
1178,long_computation_st,Queue,10,46106.247681031964,13.822000708805318,16777216
1179,long_computation_st,Ring buffer,10,117.8917776579731,118.04139377609194,16777216
1180,long_computation_mt,MRB,10,35.550434137190365,34.52513990889804,16777216
1181,long_computation_mt,ArrayQueue,10,44.33305398995776,43.338030346808125,16777216
1182,long_computation_mt,Queue,10,42290.32660645175,15.005537429607575,16777216
1183,long_computation_mt,Ring buffer,10,42.02235710784671,44.05349736079078,16777216
1184,long_computation_mt,MRB,10,37.40739410415743,38.23841804029473,16777216
1185,long_computation_mt,ArrayQueue,10,38.86469940784044,37.62236643911497,16777216
1186,long_computation_mt,Queue,10,47078.06710036832,14.789154806727293,16777216
1187,long_computation_mt,Ring buffer,10,33.972031606078744,36.34887485813516,16777216
1188,long_computation_mt,MRB,10,35.44685293820231,34.75321911071576,16777216
1189,long_computation_mt,ArrayQueue,10,29.613033077092805,28.65966310743701,16777216
1190,long_computation_mt,Queue,10,39646.72086739264,14.71765122837605,16777216
1191,long_computation_mt,Ring buffer,10,26.518049251997002,27.704940093980774,16777216
1192,long_computation_mt,MRB,10,32.022213950739186,31.58697978330278,16777216
1193,long_computation_mt,ArrayQueue,10,34.48105374902627,34.53049574405284,16777216
1194,long_computation_mt,Queue,10,43178.95392413066,15.564060246410193,16777216
1195,long_computation_mt,Ring buffer,10,34.92798425871998,34.955636247500514,16777216
1196,long_computation_mt,MRB,10,39.47073258886932,38.72303664424673,16777216
1197,long_computation_mt,ArrayQueue,10,33.697960300675966,32.73963332779792,16777216
1198,long_computation_mt,Queue,10,50080.74173405136,13.61744808189491,16777216
1199,long_computation_mt,Ring buffer,10,35.88144117291685,37.622898416632424,16777216
1200,do_nothing,MRB,25,113.8541573506029,114.14133801522625,16777216
1201,do_nothing,ArrayQueue,25,106.3223791509029,106.17713030957148,16777216
1202,do_nothing,Queue,25,49742.42778755191,16.954919082960224,16777216
1203,do_nothing,Ring buffer,25,123.80078052494645,123.55695762365394,16777216
1204,do_nothing,MRB,25,112.81562834513899,113.07409812003768,16777216
1205,do_nothing,ArrayQueue,25,116.45978369009933,116.72861460523401,16777216
1206,do_nothing,Queue,25,44074.695073631454,14.277793183081725,16777216
1207,do_nothing,Ring buffer,25,120.28709837919118,120.04757749277482,16777216
1208,do_nothing,MRB,25,116.81213212604337,117.35334222440117,16777216
1209,do_nothing,ArrayQueue,25,114.53004957088346,114.6213356927288,16777216
1210,do_nothing,Queue,25,45091.79428752701,15.720376564485168,16777216
1211,do_nothing,Ring buffer,25,122.0256111926209,121.79400665420029,16777216
1212,do_nothing,MRB,25,108.98760638048358,109.14523007449982,16777216
1213,do_nothing,ArrayQueue,25,113.70775692113122,113.94438197909076,16777216
1214,do_nothing,Queue,25,42273.30393426542,15.156608725992166,16777216
1215,do_nothing,Ring buffer,25,122.25484035718516,122.26566423146197,16777216
1216,do_nothing,MRB,25,115.23643798355255,126.74662258624602,16777216
1217,do_nothing,ArrayQueue,25,117.42758531294042,117.62929090980282,16777216
1218,do_nothing,Queue,25,55767.82343062605,16.144590838636123,16777216
1219,do_nothing,Ring buffer,25,120.78075865028086,120.86845042148374,16777216
1220,average,MRB,25,114.31342368208956,114.45901156093515,16777216
1221,average,ArrayQueue,25,130.22908998944848,130.20652018489153,16777216
1222,average,Queue,25,57940.571393265505,14.57878351097227,16777216
1223,average,Ring buffer,25,120.88873720725597,120.71320075725836,16777216
1224,average,MRB,25,120.21535635284451,120.05282017705517,16777216
1225,average,ArrayQueue,25,113.76241762482967,114.10833176087498,16777216
1226,average,Queue,25,64442.238629934305,16.64233078659754,16777216
1227,average,Ring buffer,25,122.78890859212424,122.80875705161208,16777216
1228,average,MRB,25,93.6333997464627,93.46715302027563,16777216
1229,average,ArrayQueue,25,116.1594961663165,116.5119489628746,16777216
1230,average,Queue,25,56874.0378786595,15.030636278065277,16777216
1231,average,Ring buffer,25,123.88329988915461,123.65890767972891,16777216
1232,average,MRB,25,117.75001274894824,117.35570587976771,16777216
1233,average,ArrayQueue,25,131.86452285730263,133.03089320604803,16777216
1234,average,Queue,25,51223.130889885215,14.975319016690333,16777216
1235,average,Ring buffer,25,126.77947269477842,126.86690625953334,16777216
1236,average,MRB,25,97.67705042210582,106.49840765443086,16777216
1237,average,ArrayQueue,25,111.2446788159182,111.20290734559464,16777216
1238,average,Queue,25,57309.42347084529,16.036339705258083,16777216
1239,average,Ring buffer,25,119.77453330977262,119.53537463771617,16777216
1240,long_computation_st,MRB,25,107.76307316000239,108.00387947572406,16777216
1241,long_computation_st,ArrayQueue,25,103.41624492321996,103.59428289503879,16777216
1242,long_computation_st,Queue,25,46054.353017393245,15.739570489979638,16777216
1243,long_computation_st,Ring buffer,25,112.78610011847083,112.86591028324277,16777216
1244,long_computation_st,MRB,25,108.29548509605041,108.22864341677953,16777216
1245,long_computation_st,ArrayQueue,25,115.66771078595062,115.96330703046887,16777216
1246,long_computation_st,Queue,25,59683.474936743696,15.63547322140255,16777216
1247,long_computation_st,Ring buffer,25,102.38093942096333,102.46746047540533,16777216
1248,long_computation_st,MRB,25,107.02821039711338,107.25862757296196,16777216
1249,long_computation_st,ArrayQueue,25,100.46880590770581,100.82619497958947,16777216
1250,long_computation_st,Queue,25,48017.15349272611,16.58067470548936,16777216
1251,long_computation_st,Ring buffer,25,108.38274369867939,108.50190339134457,16777216
1252,long_computation_st,MRB,25,113.97298703602826,114.42828793254816,16777216
1253,long_computation_st,ArrayQueue,25,114.68547918040834,114.73631441862597,16777216
1254,long_computation_st,Queue,25,66736.34064829865,14.859698248470051,16777216
1255,long_computation_st,Ring buffer,25,115.39230679091497,115.12356673845002,16777216
1256,long_computation_st,MRB,25,101.04292633048188,111.40288690795754,16777216
1257,long_computation_st,ArrayQueue,25,113.50307801093399,113.70617594989857,16777216
1258,long_computation_st,Queue,25,53785.84336781754,15.12714029774859,16777216
1259,long_computation_st,Ring buffer,25,111.75297165820874,111.88958210039524,16777216
1260,long_computation_mt,MRB,25,37.283113520061846,38.34599794267467,16777216
1261,long_computation_mt,ArrayQueue,25,35.61424101252651,34.97245847846529,16777216
1262,long_computation_mt,Queue,25,55010.96581539316,16.13614231934929,16777216
1263,long_computation_mt,Ring buffer,25,36.22460501485316,36.400752204600906,16777216
1264,long_computation_mt,MRB,25,36.79428005583814,34.76397313243942,16777216
1265,long_computation_mt,ArrayQueue,25,35.08074854255153,34.09967661918344,16777216
1266,long_computation_mt,Queue,25,29531.735120219753,15.82243986586023,16777216
1267,long_computation_mt,Ring buffer,25,31.36828214882544,32.697785941828435,16777216
1268,long_computation_mt,MRB,25,42.377436962093114,42.45899548433199,16777216
1269,long_computation_mt,ArrayQueue,25,36.466998693081166,36.03963173802941,16777216
1270,long_computation_mt,Queue,25,38086.41624793069,14.763436263975489,16777216
1271,long_computation_mt,Ring buffer,25,29.421675309847195,29.333035561484948,16777216
1272,long_computation_mt,MRB,25,33.22836634296321,32.864998066727594,16777216
1273,long_computation_mt,ArrayQueue,25,35.23645255732591,34.823014278095904,16777216
1274,long_computation_mt,Queue,25,43632.02351371342,15.640031109733547,16777216
1275,long_computation_mt,Ring buffer,25,33.946026619338795,33.41746269691886,16777216
1276,long_computation_mt,MRB,25,29.347434403491977,29.34360998332826,16777216
1277,long_computation_mt,ArrayQueue,25,35.335077032664636,34.71101999953481,16777216
1278,long_computation_mt,Queue,25,37642.06446530429,14.660988450480314,16777216
1279,long_computation_mt,Ring buffer,25,32.25003416073202,34.537937944301675,16777216
